amla2701,AMRAVATI-AMRAVATI-GP-amla
anjangaonbari2701,AMRAVATI-AMRAVATI-GP-anjangaonbari
antora2701,AMRAVATI-AMRAVATI-GP-antora 
bhankhedbujrug2701,AMRAVATI-AMRAVATI-GP-bhankhedbujrug 
bhankhedkhurd2701,AMRAVATI-AMRAVATI-GP-bhankhedkhurd 
bodna2701,AMRAVATI-AMRAVATI-GP-bodna 
borgaon2701,AMRAVATI-AMRAVATI-GP-borgaon 
brahamwadagovindpur2701,AMRAVATI-AMRAVATI-GP-brahamanwadagovindpur 
brahmanwadabhagat2701,AMRAVATI-AMRAVATI-GP-brahmanwadabhagat 
chichkhed2701,AMRAVATI-AMRAVATI-GP-chichkhed 
dawargaon2701,AMRAVATI-AMRAVATI-GP-dawargaon
devara2701,AMRAVATI-AMRAVATI-GP-devara 
dewri2701,AMRAVATI-AMRAVATI-GP-dewri
dhanora.kokate2701,AMRAVATI-AMRAVATI-GP-dhanora kokate 
digargawhan2701,AMRAVATI-AMRAVATI-GP-digargawhan 
gopalpur2701,AMRAVATI-AMRAVATI-GP-gopalpur 
indala2701,AMRAVATI-AMRAVATI-GP-indala 
jalkashahapur2701,AMRAVATI-AMRAVATI-GP-jalkashahapur 
kamunja2701,AMRAVATI-AMRAVATI-GP-kamunja 
kapustalani2701,AMRAVATI-AMRAVATI-GP-kapustalani 
karajgaon2701,AMRAVATI-AMRAVATI-GP-karajgaon 
kasturamogra2701,AMRAVATI-AMRAVATI-GP-kasturamogra 
katamla2701,AMRAVATI-AMRAVATI-GP-katamla 
kathorabk2701,AMRAVATI-AMRAVATI-GP-kathorabk
kathorakhurd2701,AMRAVATI-AMRAVATI-GP-kathorakhurd 
kekatpur2701,AMRAVATI-AMRAVATI-GP-kekatpur 
kundsarjapur2701,AMRAVATI-AMRAVATI-GP-kundsarjapur 
lontek2701,AMRAVATI-AMRAVATI-GP-lontek 
maholijh2701,AMRAVATI-AMRAVATI-GP-maholijh
malkapur2701,AMRAVATI-AMRAVATI-GP-malkapur 
masod2701,AMRAVATI-AMRAVATI-GP-masod 
nandgaonpeth2701,AMRAVATI-AMRAVATI-GP-nandgaonpeth 
nandurabk2701,AMRAVATI-AMRAVATI-GP-nandurabk
nanduralashkarpur2701,AMRAVATI-AMRAVATI-GP-nanduralashkarpur
nandurapingalai2701,AMRAVATI-AMRAVATI-GP-nandurapingalai 
nayaakola2701,AMRAVATI-AMRAVATI-GP-nayaakola 
pardi2701,AMRAVATI-AMRAVATI-GP-pardi 
pimpalwihir2701,AMRAVATI-AMRAVATI-GP-pimpalwihir 
pimpalkhuta2701,AMRAVATI-AMRAVATI-GP-pimpalkhuta 
pimpri2701,AMRAVATI-AMRAVATI-GP-pimpri 
pohra2701,AMRAVATI-AMRAVATI-GP-pohra 
pusda2701,AMRAVATI-AMRAVATI-GP-pusda 
rewsa2701,AMRAVATI-AMRAVATI-GP-rewsa 
rohankheda2701,AMRAVATI-AMRAVATI-GP-rohankheda 
salorakhurd2701,AMRAVATI-AMRAVATI-GP-salorakhurd 
sawanga2701,AMRAVATI-AMRAVATI-GP-sawanga 
sawardi2701,AMRAVATI-AMRAVATI-GP-sawardi 
shewatijahangir2701,AMRAVATI-AMRAVATI-GP-shewatijahangir 
shirala2701,AMRAVATI-AMRAVATI-GP-shirala 
sukli2701,AMRAVATI-AMRAVATI-GP-sukli 
taklijahangir2701,AMRAVATI-AMRAVATI-GP-taklijahangir 
tembha2701,AMRAVATI-AMRAVATI-GP-tembha 
udkhed2701,AMRAVATI-AMRAVATI-GP-udkhed 
vanarsi2701,AMRAVATI-AMRAVATI-GP-vanarsi 
wadgaon.jire2701,AMRAVATI-AMRAVATI-GP-wadgaon jire 
wadgaonmahore2701,AMRAVATI-AMRAVATI-GP-wadgaonmahore 
wagholi2701,AMRAVATI-AMRAVATI-GP-wagholi 
walgaon2701,AMRAVATI-AMRAVATI-GP-walgaon 
yavlishahid2701,AMRAVATI-AMRAVATI-GP-yavlishahid 
amlavishve2701,AMRAVATI-CHANDURRHY-GP-amlavishve
baggi2701,AMRAVATI-CHANDURRHY-GP-baggi
bagapur2701,AMRAVATI-CHANDURRHY-GP-bagapur
balsapur2701,AMRAVATI-CHANDURRHY-GP-balsapur
bori2701,AMRAVATI-CHANDURRHY-GP-bori
bhilatek2701,AMRAVATI-CHANDURRHY-GP-bhilatek
chandurwadi2701,AMRAVATI-CHANDURRHY-GP-chandurwadi
chirodi2701,AMRAVATI-CHANDURRHY-GP-chirodi
dahigaon2701,AMRAVATI-CHANDURRHY-GP-dahigaon
didhikolhe2701,AMRAVATI-CHANDURRHY-GP-didhikolhe
dhanodi2701,AMRAVATI-CHANDURRHY-GP-dhanodi
dhanoramogal2701,AMRAVATI-CHANDURRHY-GP-dhanoramogal
dhanoramhali2701,AMRAVATI-CHANDURRHY-GP-dhanoramhali
dhotra2701,AMRAVATI-CHANDURRHY-GP-dhotra
ghuikhed2701,AMRAVATI-CHANDURRHY-GP-ghuikhed
jalkajagatap2701,AMRAVATI-CHANDURRHY-GP-jalkajagatap
javala2701,AMRAVATI-CHANDURRHY-GP-javala
javra2701,AMRAVATI-CHANDURRHY-GP-javra
kalmagaon2701,AMRAVATI-CHANDURRHY-GP-kalmagaon
kalmajpur2701,AMRAVATI-CHANDURRHY-GP-kalmajpur
kavthakadu2701,AMRAVATI-CHANDURRHY-GP-kavthakadu
karla2701,AMRAVATI-CHANDURRHY-GP-karla
kirajavla2701,AMRAVATI-CHANDURRHY-GP-kirajavla
kolha2701,AMRAVATI-CHANDURRHY-GP-kolha
lalkhed2701,AMRAVATI-CHANDURRHY-GP-lalkhed
malkhed2701,AMRAVATI-CHANDURRHY-GP-malkhed
manjarkheddana2701,AMRAVATI-CHANDURRHY-GP-manjarkheddana
manjarkhedkasba2701,AMRAVATI-CHANDURRHY-GP-manjarkhedkasba
mandva2701,AMRAVATI-CHANDURRHY-GP-mandva
nimbha2701,AMRAVATI-CHANDURRHY-GP-nimbha
nimgavhan2701,AMRAVATI-CHANDURRHY-GP-nimgavhan
palsakhed2701,AMRAVATI-CHANDURRHY-GP-palsakhed
pathargaon2701,AMRAVATI-CHANDURRHY-GP-pathargaon
rajna2701,AMRAVATI-CHANDURRHY-GP-rajna
rajura2701,AMRAVATI-CHANDURRHY-GP-rajura
satephl2701,AMRAVATI-CHANDURRHY-GP-satephl
savangabk2701,AMRAVATI-CHANDURRHY-GP-savangabk
savangavithoba2701,AMRAVATI-CHANDURRHY-GP-savangavithoba
savangamagarpur2701,AMRAVATI-CHANDURRHY-GP-savangamagarpur
savangisangam2701,AMRAVATI-CHANDURRHY-GP-savangisangam
supalwada2701,AMRAVATI-CHANDURRHY-GP-supalwada
sonarabk2701,AMRAVATI-CHANDURRHY-GP-sonarabk
sonagaon2701,AMRAVATI-CHANDURRHY-GP-sonagaon
shirajagaonkorade2701,AMRAVATI-CHANDURRHY-GP-shirajagaonkorade
titawa2701,AMRAVATI-CHANDURRHY-GP-titawa
tenbhrni2701,AMRAVATI-CHANDURRHY-GP-tenbhrni
tongalbad2701,AMRAVATI-CHANDURRHY-GP-tongalbad
waiboth2701,AMRAVATI-CHANDURRHY-GP-waiboth
yerad2701,AMRAVATI-CHANDURRHY-GP-yerad
asadpur2701,AMRAVATI-ACHALPUR-GP-asadpur
balegaon2701,AMRAVATI-ACHALPUR-GP-balegaon 
belkheda2701,AMRAVATI-ACHALPUR-GP-belkheda 
bhilona2701,AMRAVATI-ACHALPUR-GP-bhilona 
bhugaon2701,AMRAVATI-ACHALPUR-GP-bhugaon 
bopapur2701,AMRAVATI-ACHALPUR-GP-bopapur 
bordi2701,AMRAVATI-ACHALPUR-GP-bordi 
borgaondori2701,AMRAVATI-ACHALPUR-GP-borgaondori 
borgaonpeth2701,AMRAVATI-ACHALPUR-GP-borgaonpeth 
chamakbk2701,AMRAVATI-ACHALPUR-GP-chamakbk 
chamakkhurd2701,AMRAVATI-ACHALPUR-GP-chamakkhurd 
chawsala2701,AMRAVATI-ACHALPUR-GP-chawsala 
daryabad2701,AMRAVATI-ACHALPUR-GP-daryabad 
deomali2701,AMRAVATI-ACHALPUR-GP-deomali 
devgaon2701,AMRAVATI-ACHALPUR-GP-devgaon 
dhamangaongadi2701,AMRAVATI-ACHALPUR-GP-dhamangaongadi 
dhotharkheda2701,AMRAVATI-ACHALPUR-GP-dhotharkheda 
donoda2701,AMRAVATI-ACHALPUR-GP-donoda 
eklaspur2701,AMRAVATI-ACHALPUR-GP-eklaspur
gaulkheda2701,AMRAVATI-ACHALPUR-GP-gaulkheda 
ghodegaon2701,AMRAVATI-ACHALPUR-GP-ghodegaon 
hanwatkheda2701,AMRAVATI-ACHALPUR-GP-hanwatkheda 
haram2701,AMRAVATI-ACHALPUR-GP-haram 
hiwra.purna2701,AMRAVATI-ACHALPUR-GP-hiwra purna 
isapur2701,AMRAVATI-ACHALPUR-GP-isapur 
jawardi2701,AMRAVATI-ACHALPUR-GP-jawardi 
jawlapur2701,AMRAVATI-ACHALPUR-GP-jawlapur 
kakada2701,AMRAVATI-ACHALPUR-GP-kakada 
kandali2701,AMRAVATI-ACHALPUR-GP-kandali 
kasampur2701,AMRAVATI-ACHALPUR-GP-kasampur
kavithabk2701,AMRAVATI-ACHALPUR-GP-kavithabk 
khairi2701,AMRAVATI-ACHALPUR-GP-khairi 
khanjamanagar2701,AMRAVATI-ACHALPUR-GP-khanjamanagar 
khustakhurd2701,AMRAVATI-ACHALPUR-GP-khustakhurd
kolha2701,AMRAVATI-ACHALPUR-GP-kolha 
kothara2701,AMRAVATI-ACHALPUR-GP-kothara 
kushtabk2701,AMRAVATI-ACHALPUR-GP-kushtabk
malhara2701,AMRAVATI-ACHALPUR-GP-malhara
naigaon2701,AMRAVATI-ACHALPUR-GP-naigaon 
narayanpur2701,AMRAVATI-ACHALPUR-GP-narayanpur 
nimbhari2701,AMRAVATI-ACHALPUR-GP-nimbhari 
nimdari2701,AMRAVATI-ACHALPUR-GP-nimdari
nimkund2701,AMRAVATI-ACHALPUR-GP-nimkund 
nizampur2701,AMRAVATI-ACHALPUR-GP-nizampur 
pandhri2701,AMRAVATI-ACHALPUR-GP-pandhri 
parsapur2701,AMRAVATI-ACHALPUR-GP-parsapur 
pathrot2701,AMRAVATI-ACHALPUR-GP-pathrot 
pimpalkhuta2701,AMRAVATI-ACHALPUR-GP-pimpalkhuta 
ramapur.belaj2701,AMRAVATI-ACHALPUR-GP-ramapur belaj 
ramapurbk2701,AMRAVATI-ACHALPUR-GP-ramapurbk 
rasegaon2701,AMRAVATI-ACHALPUR-GP-rasegaon 
salepur2701,AMRAVATI-ACHALPUR-GP-salepur 
sawlapur2701,AMRAVATI-ACHALPUR-GP-sawlapur 
sawlibk2701,AMRAVATI-ACHALPUR-GP-sawlibk
sawlidatura2701,AMRAVATI-ACHALPUR-GP-sawlidatura 
shahapurjhahangir2701,AMRAVATI-ACHALPUR-GP-shahapurjhahangir 
sindhibk2701,AMRAVATI-ACHALPUR-GP-sindhibk
tawlar2701,AMRAVATI-ACHALPUR-GP-tawlar 
tuljapurjahangir2701,AMRAVATI-ACHALPUR-GP-tuljapurjahangir 
upatkheda2701,AMRAVATI-ACHALPUR-GP-upatkheda 
wadgaonfathepur2701,AMRAVATI-ACHALPUR-GP-wadgaonfathepur 
wadnerbhujang2701,AMRAVATI-ACHALPUR-GP-wadnerbhujang 
waghdoh2701,AMRAVATI-ACHALPUR-GP-waghdoh 
wasnibk2701,AMRAVATI-ACHALPUR-GP-wasnibk 
wasnikhurd2701,AMRAVATI-ACHALPUR-GP-wasnikhurd 
wazargram2701,AMRAVATI-ACHALPUR-GP-wazargram 
yelaki2701,AMRAVATI-ACHALPUR-GP-yelaki 
yesurna2701,AMRAVATI-ACHALPUR-GP-yesurna 
yevta2701,AMRAVATI-ACHALPUR-GP-yevta
alanagaon2701,AMRAVATI-ANJANGAON-GP-alanagaon
anchalwadi2701,AMRAVATI-ANJANGAON-GP-anchalwadi
asara2701,AMRAVATI-ANJANGAON-GP-asara
ashti2701,AMRAVATI-ANJANGAON-GP-ashti
bahadrapur2701,AMRAVATI-ANJANGAON-GP-bahadrapur
bahtkuli2701,AMRAVATI-ANJANGAON-GP-bahtkuli
bailmarkheda2701,AMRAVATI-ANJANGAON-GP-bailmarkheda
borakhadi.bk2701,AMRAVATI-ANJANGAON-GP-borakhadi bk.
dadhi2701,AMRAVATI-ANJANGAON-GP-dadhi
devari.nipani2701,AMRAVATI-ANJANGAON-GP-devari nipani
dhamori2701,AMRAVATI-ANJANGAON-GP-dhamori
ganojadevi2701,AMRAVATI-ANJANGAON-GP-ganojadevi
gaurakheda2701,AMRAVATI-ANJANGAON-GP-gaurakheda
ganori2701,AMRAVATI-ANJANGAON-GP-ganori
haratoti2701,AMRAVATI-ANJANGAON-GP-haratoti
hartala2701,AMRAVATI-ANJANGAON-GP-hartala
hatkheda2701,AMRAVATI-ANJANGAON-GP-hatkheda
haturna2701,AMRAVATI-ANJANGAON-GP-haturna
jalka.hirapur2701,AMRAVATI-ANJANGAON-GP-jalka hirapur
jasapur2701,AMRAVATI-ANJANGAON-GP-jasapur
kamnapur2701,AMRAVATI-ANJANGAON-GP-kamnapur
kanaphodi2701,AMRAVATI-ANJANGAON-GP-kanaphodi
kavatha.bahade2701,AMRAVATI-ANJANGAON-GP-kavatha bahade
khalkhoni2701,AMRAVATI-ANJANGAON-GP-khalkhoni
kharatlegaon2701,AMRAVATI-ANJANGAON-GP-kharatlegaon
kholapur2701,AMRAVATI-ANJANGAON-GP-kholapur
kumagad2701,AMRAVATI-ANJANGAON-GP-kumagad
kundkhurd2701,AMRAVATI-ANJANGAON-GP-kundkhurd
marki2701,AMRAVATI-ANJANGAON-GP-marki
mhaispur2701,AMRAVATI-ANJANGAON-GP-mhaispur
nanded.kh2701,AMRAVATI-ANJANGAON-GP-nanded kh
naved2701,AMRAVATI-ANJANGAON-GP-naved
nimbha2701,AMRAVATI-ANJANGAON-GP-nimbha
nirulagangamai2701,AMRAVATI-ANJANGAON-GP-nirulagangamai
parlam2701,AMRAVATI-ANJANGAON-GP-parlam
pohrapurna2701,AMRAVATI-ANJANGAON-GP-pohrapurna
purnanagar2701,AMRAVATI-ANJANGAON-GP-purnanagar
rama2701,AMRAVATI-ANJANGAON-GP-rama
saur2701,AMRAVATI-ANJANGAON-GP-saur
sayat2701,AMRAVATI-ANJANGAON-GP-sayat
shivani2701,AMRAVATI-ANJANGAON-GP-shivani
sonarkheda2701,AMRAVATI-ANJANGAON-GP-sonarkheda
takarkheda2701,AMRAVATI-ANJANGAON-GP-takarkheda shan.
uttamsara2701,AMRAVATI-ANJANGAON-GP-uttamsara
vishir2701,AMRAVATI-ANJANGAON-GP-vishir
wakiraipur2701,AMRAVATI-ANJANGAON-GP-wakiraipur
wathada2701,AMRAVATI-ANJANGAON-GP-wathada shu
watoda.hinmatpur2701,AMRAVATI-ANJANGAON-GP-watoda hinmatpur
wayagaon2701,AMRAVATI-ANJANGAON-GP-wayagaon
aakhatwada2701,AMRAVATI-CHANDUR BAZZAR-GP-aakhatwada
asegaon.purna2701,AMRAVATI-CHANDUR BAZZAR-GP-asegaon purna
besakheda2701,AMRAVATI-CHANDUR BAZZAR-GP-besakheda
belaj2701,AMRAVATI-CHANDUR BAZZAR-GP-belaj
bellora2701,AMRAVATI-CHANDUR BAZZAR-GP-bellora
belmandali2701,AMRAVATI-CHANDUR BAZZAR-GP-belmandali
bodad2701,AMRAVATI-CHANDUR BAZZAR-GP-bodad
boral2701,AMRAVATI-CHANDUR BAZZAR-GP-boral
borgaon2701,AMRAVATI-CHANDUR BAZZAR-GP-borgaon mo
bramhanwada.pa2701,AMRAVATI-CHANDUR BAZZAR-GP-barmhanwada pa
bramhanwadi.th2701,AMRAVATI-CHANDUR BAZZAR-GP-barmhanwadi th
chincholi.kale2701,AMRAVATI-CHANDUR BAZZAR-GP-chincholi kale
dahigaon.purna2701,AMRAVATI-CHANDUR BAZZAR-GP-dahigaon purna
deurawada2701,AMRAVATI-CHANDUR BAZZAR-GP-deurawada
dhanora2701,AMRAVATI-CHANDUR BAZZAR-GP-dhanora
ghatladki2701,AMRAVATI-CHANDUR BAZZAR-GP-ghatladki
gonvidpur2701,AMRAVATI-CHANDUR BAZZAR-GP-gonvidpur
haidalpur2701,AMRAVATI-CHANDUR BAZZAR-GP-haidalpur
hirurpurna2701,AMRAVATI-CHANDUR BAZZAR-GP-hirurpurna
jainpur2701,AMRAVATI-CHANDUR BAZZAR-GP-jainpur
jalnapur2701,AMRAVATI-CHANDUR BAZZAR-GP-jalnapur
jasapur2701,AMRAVATI-CHANDUR BAZZAR-GP-jasapur
javla2701,AMRAVATI-CHANDUR BAZZAR-GP-javla
kajali2701,AMRAVATI-CHANDUR BAZZAR-GP-kajali
kalhodi2701,AMRAVATI-CHANDUR BAZZAR-GP-kalhodi
karajgaon2701,AMRAVATI-CHANDUR BAZZAR-GP-karajgaon
karanja.bahi2701,AMRAVATI-CHANDUR BAZZAR-GP-karanja bahi
khrala2701,AMRAVATI-CHANDUR BAZZAR-GP-khrala
khrwadi2701,AMRAVATI-CHANDUR BAZZAR-GP-khrwadi
kondavardha2701,AMRAVATI-CHANDUR BAZZAR-GP-kondavardha
kuralpurna2701,AMRAVATI-CHANDUR BAZZAR-GP-kuralpurna
kurankhed2701,AMRAVATI-CHANDUR BAZZAR-GP-kurankhed
kurha2701,AMRAVATI-CHANDUR BAZZAR-GP-kurha
kushnapur2701,AMRAVATI-CHANDUR BAZZAR-GP-kushnapur
lakhanwadi2701,AMRAVATI-CHANDUR BAZZAR-GP-lakhanwadi
madhan2701,AMRAVATI-CHANDUR BAZZAR-GP-madhan
masoda2701,AMRAVATI-CHANDUR BAZZAR-GP-masoda
mizopur2701,AMRAVATI-CHANDUR BAZZAR-GP-mizopur
namori2701,AMRAVATI-CHANDUR BAZZAR-GP-namori
nimbhora2701,AMRAVATI-CHANDUR BAZZAR-GP-nimbhora
nimkhed2701,AMRAVATI-CHANDUR BAZZAR-GP-nimkhed
phubagaon2701,AMRAVATI-CHANDUR BAZZAR-GP-phubagaon
pimpari2701,AMRAVATI-CHANDUR BAZZAR-GP-pimpari
rajan2701,AMRAVATI-CHANDUR BAZZAR-GP-rajan
rajura2701,AMRAVATI-CHANDUR BAZZAR-GP-rajura
rasullapur2701,AMRAVATI-CHANDUR BAZZAR-GP-rasullapur
ratanpur2701,AMRAVATI-CHANDUR BAZZAR-GP-ratanpur
ravarpi2701,AMRAVATI-CHANDUR BAZZAR-GP-ravarpi
redwa2701,AMRAVATI-CHANDUR BAZZAR-GP-redwa
sapharpur2701,AMRAVATI-CHANDUR BAZZAR-GP-sapharpur
saphrbad2701,AMRAVATI-CHANDUR BAZZAR-GP-saphrbad
shirajgaon2701,AMRAVATI-CHANDUR BAZZAR-GP-shirajgaon
shirajgaonband2701,AMRAVATI-CHANDUR BAZZAR-GP-shirajgaonband
sonuri2701,AMRAVATI-CHANDUR BAZZAR-GP-sonuri
surali2701,AMRAVATI-CHANDUR BAZZAR-GP-surali
takarkheda2701,AMRAVATI-CHANDUR BAZZAR-GP-takarkheda
talegaonmo2701,AMRAVATI-CHANDUR BAZZAR-GP-talegaonmo
talni2701,AMRAVATI-CHANDUR BAZZAR-GP-talni
talvel2701,AMRAVATI-CHANDUR BAZZAR-GP-talvel
tondgaon2701,AMRAVATI-CHANDUR BAZZAR-GP-tondgaon
tulajapur.gadhi2701,AMRAVATI-CHANDUR BAZZAR-GP-tulajapur gadhi
vadura2701,AMRAVATI-CHANDUR BAZZAR-GP-vadura
varna2701,AMRAVATI-CHANDUR BAZZAR-GP-varna
velamandli2701,AMRAVATI-CHANDUR BAZZAR-GP-velamandli
virul.purna2701,AMRAVATI-CHANDUR BAZZAR-GP-virul purna
vishroli2701,AMRAVATI-CHANDUR BAZZAR-GP-vishroli
wathonda2701,AMRAVATI-CHANDUR BAZZAR-GP-wathonda
aawadgad2701,AMRAVATI-CHANDUR BAZZAR-GP-aawadgad
adandi2701,AMRAVATI-CHIKALDARA-GP-adandi
adhav2701,AMRAVATI-CHIKALDARA-GP-adhav
amazari2701,AMRAVATI-CHIKALDARA-GP-amazari
ambapati2701,AMRAVATI-CHIKALDARA-GP-ambapati
badanapur2701,AMRAVATI-CHIKALDARA-GP-badanapur
bagalinga2701,AMRAVATI-CHIKALDARA-GP-bagalinga
bamadehi2701,AMRAVATI-CHIKALDARA-GP-bamadehi
barugavhan2701,AMRAVATI-CHIKALDARA-GP-barugavhan
bhulori2701,AMRAVATI-CHIKALDARA-GP-bhulori
biba2701,AMRAVATI-CHIKALDARA-GP-biba
borala2701,AMRAVATI-CHIKALDARA-GP-borala
chikhali2701,AMRAVATI-CHIKALDARA-GP-chikhali
chinchkheda2701,AMRAVATI-CHIKALDARA-GP-chinchkheda
churani2701,AMRAVATI-CHIKALDARA-GP-churani
dahandri2701,AMRAVATI-CHIKALDARA-GP-dahandri
dharmadoh2701,AMRAVATI-CHIKALDARA-GP-dharmadoh
doma2701,AMRAVATI-CHIKALDARA-GP-doma
ekatai2701,AMRAVATI-CHIKALDARA-GP-ekatai
gadgabhandum2701,AMRAVATI-CHIKALDARA-GP-gadgabhandum
gagrakheda2701,AMRAVATI-CHIKALDARA-GP-gagrakheda
gailakheda2701,AMRAVATI-CHIKALDARA-GP-gailakheda
hatru2701,AMRAVATI-CHIKALDARA-GP-hatru
jamlir2701,AMRAVATI-CHIKALDARA-GP-jamlir
jamlivan2701,AMRAVATI-CHIKALDARA-GP-jamlivan
kajladoh2701,AMRAVATI-CHIKALDARA-GP-kajladoh
kakadari2701,AMRAVATI-CHIKALDARA-GP-kakadari
katkunbh2701,AMRAVATI-CHIKALDARA-GP-katkunbh
kelpani2701,AMRAVATI-CHIKALDARA-GP-kelpani
khadimal2701,AMRAVATI-CHIKALDARA-GP-khadimal
khatkali2701,AMRAVATI-CHIKALDARA-GP-khatkali
khirapani2701,AMRAVATI-CHIKALDARA-GP-khirapani
kohana2701,AMRAVATI-CHIKALDARA-GP-kohana
korada2701,AMRAVATI-CHIKALDARA-GP-korada
koyalari2701,AMRAVATI-CHIKALDARA-GP-koyalari
kulagna2701,AMRAVATI-CHIKALDARA-GP-kulagna
makhla2701,AMRAVATI-CHIKALDARA-GP-makhla
mehriam2701,AMRAVATI-CHIKALDARA-GP-mehriam
moragad2701,AMRAVATI-CHIKALDARA-GP-moragad
moth2701,AMRAVATI-CHIKALDARA-GP-moth
rahu2701,AMRAVATI-CHIKALDARA-GP-rahu
rayapur2701,AMRAVATI-CHIKALDARA-GP-rayapur
ruipathar2701,AMRAVATI-CHIKALDARA-GP-ruipathar
salona2701,AMRAVATI-CHIKALDARA-GP-salona
semadoh2701,AMRAVATI-CHIKALDARA-GP-semadoh
shahapur2701,AMRAVATI-CHIKALDARA-GP-shahapur
somathana2701,AMRAVATI-CHIKALDARA-GP-somathana
somawakheda2701,AMRAVATI-CHIKALDARA-GP-somawakheda
sonapur2701,AMRAVATI-CHIKALDARA-GP-sonapur
tarubanda2701,AMRAVATI-CHIKALDARA-GP-tarubanda
telakhar2701,AMRAVATI-CHIKALDARA-GP-telakhar
tenbusoda2701,AMRAVATI-CHIKALDARA-GP-tenbusoda
wastapur2701,AMRAVATI-CHIKALDARA-GP-wastapur
adulabazar2701,AMRAVATI-DARYAPUR-GP-adulabazar
amla2701,AMRAVATI-DARYAPUR-GP-amla
arala2701,AMRAVATI-DARYAPUR-GP-arala
bellora2701,AMRAVATI-DARYAPUR-GP-bellora
bemblabk2701,AMRAVATI-DARYAPUR-GP-bemblabk
bhamod2701,AMRAVATI-DARYAPUR-GP-bhamod
borala2701,AMRAVATI-DARYAPUR-GP-borala
chandikapur2701,AMRAVATI-DARYAPUR-GP-chandikapur
chandola2701,AMRAVATI-DARYAPUR-GP-chandola
chandrapur2701,AMRAVATI-DARYAPUR-GP-chandrapur
darapur2701,AMRAVATI-DARYAPUR-GP-darapur
dhamodi2701,AMRAVATI-DARYAPUR-GP-dhamodi
dongargaon2701,AMRAVATI-DARYAPUR-GP-dongargaon
erandgaon2701,AMRAVATI-DARYAPUR-GP-erandgaon
gaurkheda2701,AMRAVATI-DARYAPUR-GP-gaurkheda
gaywadi2701,AMRAVATI-DARYAPUR-GP-gaywadi
ghada2701,AMRAVATI-DARYAPUR-GP-ghada
ghodchandi2701,AMRAVATI-DARYAPUR-GP-ghodchandi
golegaon2701,AMRAVATI-DARYAPUR-GP-golegaon
hingni.mirzapur2701,AMRAVATI-DARYAPUR-GP-hingni mirzapur
itki2701,AMRAVATI-DARYAPUR-GP-itki
jainpur2701,AMRAVATI-DARYAPUR-GP-jainpur
jasapur2701,AMRAVATI-DARYAPUR-GP-jasapur
kalamgavhan2701,AMRAVATI-DARYAPUR-GP-kalamgavhan
kalashi2701,AMRAVATI-DARYAPUR-GP-kalashi
kanholi2701,AMRAVATI-DARYAPUR-GP-kanholi
karatkheda2701,AMRAVATI-DARYAPUR-GP-karatkheda
khairi2701,AMRAVATI-DARYAPUR-GP-khairi
khallar2701,AMRAVATI-DARYAPUR-GP-khallar
kolambi2701,AMRAVATI-DARYAPUR-GP-kolambi
lasur2701,AMRAVATI-DARYAPUR-GP-lasur
lehgaon2701,AMRAVATI-DARYAPUR-GP-lehgaon
lotwada2701,AMRAVATI-DARYAPUR-GP-lotwada
mahimapur2701,AMRAVATI-DARYAPUR-GP-mahimapur
mahuli.dhande2701,AMRAVATI-DARYAPUR-GP-mahuli dhande
markanda2701,AMRAVATI-DARYAPUR-GP-markanda
matargaon2701,AMRAVATI-DARYAPUR-GP-matargaon
mhaispur.mocharda2701,AMRAVATI-DARYAPUR-GP-mhaispur mocharda
nachona2701,AMRAVATI-DARYAPUR-GP-nachona
naigaon2701,AMRAVATI-DARYAPUR-GP-naigaon
nalwada2701,AMRAVATI-DARYAPUR-GP-nalwada
nandedbk2701,AMRAVATI-DARYAPUR-GP-nandedbk
nandrun2701,AMRAVATI-DARYAPUR-GP-nandrun
nardoda2701,AMRAVATI-DARYAPUR-GP-nardoda
narsingpur2701,AMRAVATI-DARYAPUR-GP-narsingpur
panora2701,AMRAVATI-DARYAPUR-GP-panora
peth.itbarpur2701,AMRAVATI-DARYAPUR-GP-peth itbarpur
pimpalkhuta2701,AMRAVATI-DARYAPUR-GP-pimpalkhuta
pimplod2701,AMRAVATI-DARYAPUR-GP-pimplod
ramgaon2701,AMRAVATI-DARYAPUR-GP-ramgaon
ramtirth2701,AMRAVATI-DARYAPUR-GP-ramtirth
rustampur2701,AMRAVATI-DARYAPUR-GP-rustampur
samda2701,AMRAVATI-DARYAPUR-GP-samda
sanglud2701,AMRAVATI-DARYAPUR-GP-sanglud
sasanbk2701,AMRAVATI-DARYAPUR-GP-sasanbk
sasanramapur2701,AMRAVATI-DARYAPUR-GP-sasanramapur
sawangabk2701,AMRAVATI-DARYAPUR-GP-sawangabk
shinganwadi2701,AMRAVATI-DARYAPUR-GP-shinganwadi
shingnapur2701,AMRAVATI-DARYAPUR-GP-shingnapur
shirajda2701,AMRAVATI-DARYAPUR-GP-shirajda
shivarbk2701,AMRAVATI-DARYAPUR-GP-shivarbk
sukli2701,AMRAVATI-DARYAPUR-GP-sukli
takli2701,AMRAVATI-DARYAPUR-GP-takli
telkheda2701,AMRAVATI-DARYAPUR-GP-telkheda
thilori2701,AMRAVATI-DARYAPUR-GP-thilori
tonglabad2701,AMRAVATI-DARYAPUR-GP-tonglabad
umbri.itbadpur2701,AMRAVATI-DARYAPUR-GP-umbri itbadpur
umri.mamdabad2701,AMRAVATI-DARYAPUR-GP-umri mamdabad
uprai2701,AMRAVATI-DARYAPUR-GP-uprai
wadhal.gavhan2701,AMRAVATI-DARYAPUR-GP-wadhal gavhan
wadner.gangai2701,AMRAVATI-DARYAPUR-GP-wadner gangai
wadura2701,AMRAVATI-DARYAPUR-GP-wadura
warudbk2701,AMRAVATI-DARYAPUR-GP-warudbk
yevda2701,AMRAVATI-DARYAPUR-GP-yevda
ajangaon2701,AMRAVATI-DHAMANGAON-GP-ajangaon
anjansingi2701,AMRAVATI-DHAMANGAON-GP-anjansingi
anjanwati2701,AMRAVATI-DHAMANGAON-GP-anjanwati
asegaon2701,AMRAVATI-DHAMANGAON-GP-asegaon
ashoknagar2701,AMRAVATI-DHAMANGAON-GP-ashok nagar
astha2701,AMRAVATI-DHAMANGAON-GP-astha
bhatkuli2701,AMRAVATI-DHAMANGAON-GP-bhatkuli
boravghal2701,AMRAVATI-DHAMANGAON-GP-boravghal
borgaon.dhande2701,AMRAVATI-DHAMANGAON-GP-borgaon dhande
borgaon.nisthane2701,AMRAVATI-DHAMANGAON-GP-borgaon nisthane
chincholi2701,AMRAVATI-DHAMANGAON-GP-chincholi
chinchpur2701,AMRAVATI-DHAMANGAON-GP-chinchpur
dabhadha2701,AMRAVATI-DHAMANGAON-GP-dabhadha
deogaon2701,AMRAVATI-DHAMANGAON-GP-deogaon
dhakulgaon2701,AMRAVATI-DHAMANGAON-GP-dhakulgaon
dighi.mahalle2701,AMRAVATI-DHAMANGAON-GP-dighi mahalle
gawha.farkade2701,AMRAVATI-DHAMANGAON-GP-gawha farkade
gawha.nipani2701,AMRAVATI-DHAMANGAON-GP-gawha nipani
ghusali2701,AMRAVATI-DHAMANGAON-GP-ghusali
giroli2701,AMRAVATI-DHAMANGAON-GP-giroli
gokulsara2701,AMRAVATI-DHAMANGAON-GP-gokulsara
gunji2701,AMRAVATI-DHAMANGAON-GP-gunji
hinghangaon2701,AMRAVATI-DHAMANGAON-GP-hinghangaon
hirpur2701,AMRAVATI-DHAMANGAON-GP-hirpur
jalgaon2701,AMRAVATI-DHAMANGAON-GP-jalgaon
jalgaon.arvi2701,AMRAVATI-DHAMANGAON-GP-jalgaon arvi
jalka.patache2701,AMRAVATI-DHAMANGAON-GP-jalka patache
juna.dhamangaon2701,AMRAVATI-DHAMANGAON-GP-juna dhamangaon
kalashi2701,AMRAVATI-DHAMANGAON-GP-kalashi
kasarkheda2701,AMRAVATI-DHAMANGAON-GP-kasarkheda
kashikhed2701,AMRAVATI-DHAMANGAON-GP-kashikhed
kawli2701,AMRAVATI-DHAMANGAON-GP-kawli
malatpur2701,AMRAVATI-DHAMANGAON-GP-malatpur
mangrul.dastagir2701,AMRAVATI-DHAMANGAON-GP-mangrul dastagir
naigaon2701,AMRAVATI-DHAMANGAON-GP-naigaon
nargawandi2701,AMRAVATI-DHAMANGAON-GP-nargawandi
nimbholi2701,AMRAVATI-DHAMANGAON-GP-nimbholi
nimbhora.bodkha2701,AMRAVATI-DHAMANGAON-GP-nimbhora bodkha
nimbhora.raj2701,AMRAVATI-DHAMANGAON-GP-nimbhora raj
peth.raghunathpur2701,AMRAVATI-DHAMANGAON-GP-peth raghunathpur
pimpalkhuta2701,AMRAVATI-DHAMANGAON-GP-pimpalkhuta
raipur.kasarkhed2701,AMRAVATI-DHAMANGAON-GP-raipur kasarkhed
sawla2701,AMRAVATI-DHAMANGAON-GP-sawla
shendurjana.khurd2701,AMRAVATI-DHAMANGAON-GP-shendurjana khurd
shindoli2701,AMRAVATI-DHAMANGAON-GP-shindoli
sonegaonkharda2701,AMRAVATI-DHAMANGAON-GP-sonegaonkharda
talegaon.dashashar2701,AMRAVATI-DHAMANGAON-GP-talegaon dashashar
talni2701,AMRAVATI-DHAMANGAON-GP-talni
taroda2701,AMRAVATI-DHAMANGAON-GP-taroda
tiwra2701,AMRAVATI-DHAMANGAON-GP-tiwra
usalgavhan2701,AMRAVATI-DHAMANGAON-GP-usalgavhan
vitala2701,AMRAVATI-DHAMANGAON-GP-vitala
wadgaonrajdi2701,AMRAVATI-DHAMANGAON-GP-wadgaonrajdi
wadhona2701,AMRAVATI-DHAMANGAON-GP-wadhona
wagholi2701,AMRAVATI-DHAMANGAON-GP-wagholi
waknath2701,AMRAVATI-DHAMANGAON-GP-waknath
warud.bagaji2701,AMRAVATI-DHAMANGAON-GP-warud bagaji
wasad2701,AMRAVATI-DHAMANGAON-GP-wasad
wathodabk2701,AMRAVATI-DHAMANGAON-GP-wathodabk
wirul.ronghe2701,AMRAVATI-DHAMANGAON-GP-wirul ronghe
zada2701,AMRAVATI-DHAMANGAON-GP-zada
zadgaon2701,AMRAVATI-DHAMANGAON-GP-zadgaon
bairagad2701,AMRAVATI-DHARNI-GP-bairagad
berdabarda2701,AMRAVATI-DHARNI-GP-berdabarda
bhokharbardi2701,AMRAVATI-DHARNI-GP-bhokharbardi
bhondilawa2701,AMRAVATI-DHARNI-GP-bhondilawa
bibamal2701,AMRAVATI-DHARNI-GP-bibamal
biju.dhawdi2701,AMRAVATI-DHARNI-GP-biju dhawdi
biruti2701,AMRAVATI-DHARNI-GP-biruti
bobdo2701,AMRAVATI-DHARNI-GP-bobdo
chakarda2701,AMRAVATI-DHARNI-GP-chakarda
chatwabod2701,AMRAVATI-DHARNI-GP-chatwabod
chaurakund2701,AMRAVATI-DHARNI-GP-chaurakund
chendo2701,AMRAVATI-DHARNI-GP-chendo
chinchghat2701,AMRAVATI-DHARNI-GP-chinchghat
dabhida2701,AMRAVATI-DHARNI-GP-dabhida
dabka2701,AMRAVATI-DHARNI-GP-dabka
dadra2701,AMRAVATI-DHARNI-GP-dadra
dharanmahu2701,AMRAVATI-DHARNI-GP-dharanmahu
dharni2701,AMRAVATI-DHARNI-GP-dharni
dhulghatg2701,AMRAVATI-DHARNI-GP-dhulghatg
dhulghatrly2701,AMRAVATI-DHARNI-GP-dhulghatrly
diya2701,AMRAVATI-DHARNI-GP-diya
duni2701,AMRAVATI-DHARNI-GP-duni
ghuti2701,AMRAVATI-DHARNI-GP-ghuti
golai2701,AMRAVATI-DHARNI-GP-golai
gondwadi2701,AMRAVATI-DHARNI-GP-gondwadi
hardoli2701,AMRAVATI-DHARNI-GP-hardoli
harisal2701,AMRAVATI-DHARNI-GP-harisal
hira.bambai2701,AMRAVATI-DHARNI-GP-hira bambai
jamapani2701,AMRAVATI-DHARNI-GP-jamapani
jambu2701,AMRAVATI-DHARNI-GP-jambu
kakarmal2701,AMRAVATI-DHARNI-GP-kakarmal
kalamkhar2701,AMRAVATI-DHARNI-GP-kalamkhar
karda2701,AMRAVATI-DHARNI-GP-karda
katkhumbh2701,AMRAVATI-DHARNI-GP-katkhumbh
khaparkheda2701,AMRAVATI-DHARNI-GP-khaparkheda
kharyatembhru2701,AMRAVATI-DHARNI-GP-kharyatembhru
kusumkhotbk2701,AMRAVATI-DHARNI-GP-kusumkhotbk
kutanga2701,AMRAVATI-DHARNI-GP-kutanga
malur2701,AMRAVATI-DHARNI-GP-malur
mandwa2701,AMRAVATI-DHARNI-GP-mandwa
mangiya2701,AMRAVATI-DHARNI-GP-mangiya
mogarda2701,AMRAVATI-DHARNI-GP-mogarda
nadori2701,AMRAVATI-DHARNI-GP-nadori
nagzira2701,AMRAVATI-DHARNI-GP-nagzira
pankhalya2701,AMRAVATI-DHARNI-GP-pankhalya
rajpur2701,AMRAVATI-DHARNI-GP-rajpur
rangubeli2701,AMRAVATI-DHARNI-GP-rangubeli
rani.tamboli2701,AMRAVATI-DHARNI-GP-rani tamboli
ranigaon2701,AMRAVATI-DHARNI-GP-ranigaon
ranipisa2701,AMRAVATI-DHARNI-GP-ranipisa
ratnapur2701,AMRAVATI-DHARNI-GP-ratnapur
rehtya2701,AMRAVATI-DHARNI-GP-rehtya
sadrawadi2701,AMRAVATI-DHARNI-GP-sadrawadi
salai2701,AMRAVATI-DHARNI-GP-salai
sawali.kheda2701,AMRAVATI-DHARNI-GP-sawali kheda
sirpur2701,AMRAVATI-DHARNI-GP-sirpur
susarda2701,AMRAVATI-DHARNI-GP-susarda
tatra2701,AMRAVATI-DHARNI-GP-tatra
tembhli2701,AMRAVATI-DHARNI-GP-tembhli
tingrya2701,AMRAVATI-DHARNI-GP-tingrya
titamba2701,AMRAVATI-DHARNI-GP-titamba
zapal2701,AMRAVATI-DHARNI-GP-zapal
zilpi2701,AMRAVATI-DHARNI-GP-zilpi
adgaonbk2701,AMRAVATI-NANDGAON-GP-adgaonbk
beleradh2701,AMRAVATI-NANDGAON-GP-beleradh
belerahi2701,AMRAVATI-NANDGAON-GP-belerahi
bhagura2701,AMRAVATI-NANDGAON-GP-bhagura
chikhalibaidy2701,AMRAVATI-NANDGAON-GP-chikhalibaidy
dhabha2701,AMRAVATI-NANDGAON-GP-dhabha
dahigaon2701,AMRAVATI-NANDGAON-GP- dahigaon
dhamak2701,AMRAVATI-NANDGAON-GP-dhamak
dhanoragu2701,AMRAVATI-NANDGAON-GP-dhanoragu
dhanorafusi2701,AMRAVATI-NANDGAON-GP-dhanorafusi
dhanorashirka2701,AMRAVATI-NANDGAON-GP-dhanorashirka
dhavalsari2701,AMRAVATI-NANDGAON-GP-dhavalsari
eradgaon2701,AMRAVATI-NANDGAON-GP-eradgaon
fubagaon2701,AMRAVATI-NANDGAON-GP-fubagaon
ful.amla2701,AMRAVATI-NANDGAON-GP-ful amla
hivarabk2701,AMRAVATI-NANDGAON-GP-hivarabk
jalu2701,AMRAVATI-NANDGAON-GP-jalu
jamgaon2701,AMRAVATI-NANDGAON-GP-jamgaon
januna2701,AMRAVATI-NANDGAON-GP-januna
javara2701,AMRAVATI-NANDGAON-GP-javara
kajana2701,AMRAVATI-NANDGAON-GP-kajana
kanimirzapur2701,AMRAVATI-NANDGAON-GP-kanimirzapur
kanzara2701,AMRAVATI-NANDGAON-GP-kanzara
khanapur2701,AMRAVATI-NANDGAON-GP-khanapur
khandalakhurd2701,AMRAVATI-NANDGAON-GP-khandalakhurd
khedpimpari2701,AMRAVATI-NANDGAON-GP-khedpimpari
khirasana2701,AMRAVATI-NANDGAON-GP-khirasana
kodori2701,AMRAVATI-NANDGAON-GP-kodori
kohalajateshwar2701,AMRAVATI-NANDGAON-GP-kohalajateshwar
kothoda2701,AMRAVATI-NANDGAON-GP-kothoda
lehgaon2701,AMRAVATI-NANDGAON-GP-lehgaon
leni2701,AMRAVATI-NANDGAON-GP-leni
majarimhasahl2701,AMRAVATI-NANDGAON-GP-majarimhasahl
mahullchor2701,AMRAVATI-NANDGAON-GP-mahullchor
mangarulch2701,AMRAVATI-NANDGAON-GP-mangarulch
mokhad2701,AMRAVATI-NANDGAON-GP-mokhad
nandgaonkhande2701,AMRAVATI-NANDGAON-GP-nandgaonkhande
nandsavangi2701,AMRAVATI-NANDGAON-GP-nandsavangi
pahuri2701,AMRAVATI-NANDGAON-GP-pahuri
pala2701,AMRAVATI-NANDGAON-GP-pala
palsamandl2701,AMRAVATI-NANDGAON-GP-palsamandl
papd2701,AMRAVATI-NANDGAON-GP-papd
pimpalgaonbainai2701,AMRAVATI-NANDGAON-GP-pimpalgaonbainai
pimpalgaonni2701,AMRAVATI-NANDGAON-GP-pimpalgaonni
pimpatigavda2701,AMRAVATI-NANDGAON-GP-pimpatigavda
pimprinipani2701,AMRAVATI-NANDGAON-GP-pimprinipani
pusaner2701,AMRAVATI-NANDGAON-GP-pusaner
rohana2701,AMRAVATI-NANDGAON-GP-rohana
sakhara2701,AMRAVATI-NANDGAON-GP-sakhara
saledk2701,AMRAVATI-NANDGAON-GP-saledk
sarsi2701,AMRAVATI-NANDGAON-GP-sarsi
satragaon2701,AMRAVATI-NANDGAON-GP-satragaon
savner2701,AMRAVATI-NANDGAON-GP-savner
shelugund2701,AMRAVATI-NANDGAON-GP-shelugund
shelunakh2701,AMRAVATI-NANDGAON-GP-shelunakh
shirapur2701,AMRAVATI-NANDGAON-GP-shirapur
shivanir2701,AMRAVATI-NANDGAON-GP-shivanir
shivay2701,AMRAVATI-NANDGAON-GP-shivay
sidhdanathapur2701,AMRAVATI-NANDGAON-GP-sidhdanathapur
sultanpur2701,AMRAVATI-NANDGAON-GP-sultanpur
takalibk2701,AMRAVATI-NANDGAON-GP-takalibk
wadala2701,AMRAVATI-NANDGAON-GP-wadala
wadhoda2701,AMRAVATI-NANDGAON-GP-wadhoda
wadura2701,AMRAVATI-NANDGAON-GP-wadura
waghoda2701,AMRAVATI-NANDGAON-GP-waghoda
watapur2701,AMRAVATI-NANDGAON-GP-watapur
weniganeshpur2701,AMRAVATI-NANDGAON-GP-weniganeshpur
yenas2701,AMRAVATI-NANDGAON-GP-yenas
yevati2701,AMRAVATI-NANDGAON-GP-yevati
akhatwada2701,AMRAVATI-TIWASA-GP-akhatwada
anakwadi2701,AMRAVATI-TIWASA-GP-anakwadi
bharwadi2701,AMRAVATI-TIWASA-GP-bharwadi
bhiwapur2701,AMRAVATI-TIWASA-GP-bhiwapur
borda2701,AMRAVATI-TIWASA-GP-borda
chenushta2701,AMRAVATI-TIWASA-GP-chenushta
dapori2701,AMRAVATI-TIWASA-GP-dapori
dehani2701,AMRAVATI-TIWASA-GP-dehani
dhamantri2701,AMRAVATI-TIWASA-GP-dhamantri
dhotra2701,AMRAVATI-TIWASA-GP-dhotra
diwankhed2701,AMRAVATI-TIWASA-GP-diwankhed
durgawada2701,AMRAVATI-TIWASA-GP-durgawada
fattepur2701,AMRAVATI-TIWASA-GP-fattepur
ghota2701,AMRAVATI-TIWASA-GP-ghota
gurudevnagar2701,AMRAVATI-TIWASA-GP-gurudevnagar
javra2701,AMRAVATI-TIWASA-GP-javra
karajgaon2701,AMRAVATI-TIWASA-GP-karajgaon
kaudanypur2701,AMRAVATI-TIWASA-GP-kaudanypur
kawadgavhan2701,AMRAVATI-TIWASA-GP-kawadgavhan
kurha2701,AMRAVATI-TIWASA-GP-kurha
malegaon2701,AMRAVATI-TIWASA-GP-malegaon
marda2701,AMRAVATI-TIWASA-GP-marda
mardi2701,AMRAVATI-TIWASA-GP-mardi
mozari2701,AMRAVATI-TIWASA-GP-mozari
murtijapur2701,AMRAVATI-TIWASA-GP-murtijapur
nimbhora.del2701,AMRAVATI-TIWASA-GP-nimbhora del
palwadi2701,AMRAVATI-TIWASA-GP-palwadi
salora2701,AMRAVATI-TIWASA-GP-salora
sarsi2701,AMRAVATI-TIWASA-GP-sarsi
satragaon2701,AMRAVATI-TIWASA-GP-satragaon
shendolabk2701,AMRAVATI-TIWASA-GP-shendolabk
shendolakh2701,AMRAVATI-TIWASA-GP-shendolakh
shendurjanab2701,AMRAVATI-TIWASA-GP-shendurjanab
shendurjanakh2701,AMRAVATI-TIWASA-GP-shendurjanakh
shirajgaonmo2701,AMRAVATI-TIWASA-GP-shirajgaonmo
shivangaon2701,AMRAVATI-TIWASA-GP-shivangaon
surwadi2701,AMRAVATI-TIWASA-GP-surwadi
talegaonth2701,AMRAVATI-TIWASA-GP-talegaonth
thanathuni2701,AMRAVATI-TIWASA-GP-thanathuni
tiwsa2701,AMRAVATI-TIWASA-GP-tiwsa
uanbrakhed2701,AMRAVATI-TIWASA-GP-uanbrakhed
vani2701,AMRAVATI-TIWASA-GP-vani
varha2701,AMRAVATI-TIWASA-GP-varha
varkhed2701,AMRAVATI-TIWASA-GP-varkhed
varuda2701,AMRAVATI-TIWASA-GP-varuda
wathodakh2701,AMRAVATI-TIWASA-GP-wathodakh
aloda2701,AMRAVATI-WARUD-GP-aloda
amaner2701,AMRAVATI-WARUD-GP-amaner
amdapur2701,AMRAVATI-WARUD-GP-amdapur
babhulkheda2701,AMRAVATI-WARUD-GP-babhulkheda
bahada2701,AMRAVATI-WARUD-GP-bahada
bargaon2701,AMRAVATI-WARUD-GP-bargaon
belora2701,AMRAVATI-WARUD-GP-belora
benoda2701,AMRAVATI-WARUD-GP-benoda
beskheda2701,AMRAVATI-WARUD-GP-beskheda
chandas2701,AMRAVATI-WARUD-GP-chandas
chinchargavhan2701,AMRAVATI-WARUD-GP-chinchargavhan
davragaon2701,AMRAVATI-WARUD-GP-davragaon
devutwada2701,AMRAVATI-WARUD-GP-devutwada
dhaga2701,AMRAVATI-WARUD-GP-dhaga
dhanodi2701,AMRAVATI-WARUD-GP-dhanodi
ekadra2701,AMRAVATI-WARUD-GP-ekadra
gadegaon2701,AMRAVATI-WARUD-GP-gadegaon
gavhankud2701,AMRAVATI-WARUD-GP-gavhankud
ghorad2701,AMRAVATI-WARUD-GP-ghorad
goregaon2701,AMRAVATI-WARUD-GP-goregaon
haturna2701,AMRAVATI-WARUD-GP-haturna
iattamgaon2701,AMRAVATI-WARUD-GP-iattamgaon
isanbri2701,AMRAVATI-WARUD-GP-isanbri
isapur2701,AMRAVATI-WARUD-GP-isapur
jamgaonkh2701,AMRAVATI-WARUD-GP-jamgaonkh
jamgaonm2701,AMRAVATI-WARUD-GP-jamgaonm
jamgaong2701,AMRAVATI-WARUD-GP-jamgaong
jarud2701,AMRAVATI-WARUD-GP-jarud
kachurna2701,AMRAVATI-WARUD-GP-kachurna
karajgaon2701,AMRAVATI-WARUD-GP-karajgaon
kati2701,AMRAVATI-WARUD-GP-kati
khadka2701,AMRAVATI-WARUD-GP-khadka
kurli2701,AMRAVATI-WARUD-GP-kurli
linga2701,AMRAVATI-WARUD-GP-linga
loni2701,AMRAVATI-WARUD-GP-loni
malkhed2701,AMRAVATI-WARUD-GP-malkhed
mangaruli2701,AMRAVATI-WARUD-GP-mangaruli
morchud2701,AMRAVATI-WARUD-GP-morchud
nandgaon2701,AMRAVATI-WARUD-GP-nandgaon
palsawada2701,AMRAVATI-WARUD-GP-palsawada
palsona2701,AMRAVATI-WARUD-GP-palsona
pawani2701,AMRAVATI-WARUD-GP-pawani
peth2701,AMRAVATI-WARUD-GP-peth
pimpalkuta2701,AMRAVATI-WARUD-GP-pimpalkuta
poragavhan2701,AMRAVATI-WARUD-GP-poragavhan
pusla2701,AMRAVATI-WARUD-GP-pusla
rajurabazar2701,AMRAVATI-WARUD-GP-rajurabazar
roshankheda2701,AMRAVATI-WARUD-GP-roshankheda
satnur2701,AMRAVATI-WARUD-GP-satnur
savanga2701,AMRAVATI-WARUD-GP-savanga
savangi2701,AMRAVATI-WARUD-GP-savangi
shhapur2701,AMRAVATI-WARUD-GP-shhapur
shingori2701,AMRAVATI-WARUD-GP-shingori
surli2701,AMRAVATI-WARUD-GP-surli
tenbhurkheda2701,AMRAVATI-WARUD-GP-tenbhurkheda
tiwsaghat2701,AMRAVATI-WARUD-GP-tiwsaghat
udapur2701,AMRAVATI-WARUD-GP-udapur
urad2701,AMRAVATI-WARUD-GP-urad
vadala2701,AMRAVATI-WARUD-GP-vadala
vaghal2701,AMRAVATI-WARUD-GP-vaghal
vandali2701,AMRAVATI-WARUD-GP-vandali
wadegaon2701,AMRAVATI-WARUD-GP-wadegaon
waikh2701,AMRAVATI-WARUD-GP-waikh
wathoda2701,AMRAVATI-WARUD-GP-wathoda
zatamaziri2701,AMRAVATI-WARUD-GP-zatamaziri
zolanba2701,AMRAVATI-WARUD-GP-zolanba
adgaon2701,AMRAVATI-MORSHI-GP-adgaon
akhatwada2701,AMRAVATI-MORSHI-GP-akhatwada
ambada2701,AMRAVATI-MORSHI-GP-ambada
asthagaon2701,AMRAVATI-MORSHI-GP-asthagaon
astholi2701,AMRAVATI-MORSHI-GP-astholi
barhanpur2701,AMRAVATI-MORSHI-GP-barhanpur
belona2701,AMRAVATI-MORSHI-GP-belona
bhaipur2701,AMRAVATI-MORSHI-GP-bhaipur
bhambora2701,AMRAVATI-MORSHI-GP-bhambora
bhilapur2701,AMRAVATI-MORSHI-GP-bhilapur
brahmanwada2701,AMRAVATI-MORSHI-GP-brahmanwada
chikhalsawangi2701,AMRAVATI-MORSHI-GP-chikhalsawangi
chincholi.gawli2701,AMRAVATI-MORSHI-GP-chincholi gawli
dabheri2701,AMRAVATI-MORSHI-GP-dabheri
dapori2701,AMRAVATI-MORSHI-GP-dapori
dhamangaon2701,AMRAVATI-MORSHI-GP-dhamangaon
dhanora2701,AMRAVATI-MORSHI-GP-dhanora
domak2701,AMRAVATI-MORSHI-GP-domak
durgwada2701,AMRAVATI-MORSHI-GP-durgwada
ganeshpur2701,AMRAVATI-MORSHI-GP-ganeshpur
ghodgavhan2701,AMRAVATI-MORSHI-GP-ghodgavhan
gorala2701,AMRAVATI-MORSHI-GP-gorala
hiwarkhed2701,AMRAVATI-MORSHI-GP-hiwarkhed
katpur2701,AMRAVATI-MORSHI-GP-katpur
katsur2701,AMRAVATI-MORSHI-GP-katsur
kawthal2701,AMRAVATI-MORSHI-GP-kawthal
khanapur2701,AMRAVATI-MORSHI-GP-khanapur
khed2701,AMRAVATI-MORSHI-GP-khed
khopda2701,AMRAVATI-MORSHI-GP-khopda
kolvir2701,AMRAVATI-MORSHI-GP-kolvir
ladkibk2701,AMRAVATI-MORSHI-GP-ladkibk
lehegaon2701,AMRAVATI-MORSHI-GP-lehegaon
lihida2701,AMRAVATI-MORSHI-GP-lihida
mangrul2701,AMRAVATI-MORSHI-GP-mangrul
manimpur2701,AMRAVATI-MORSHI-GP-manimpur
maywadi2701,AMRAVATI-MORSHI-GP-maywadi
nashirpur2701,AMRAVATI-MORSHI-GP-nashirpur
nayavathoda2701,AMRAVATI-MORSHI-GP-nayavathoda
nerpinglai2701,AMRAVATI-MORSHI-GP-nerpinglai
nimbhi2701,AMRAVATI-MORSHI-GP-nimbhi
pala2701,AMRAVATI-MORSHI-GP-pala
pardi2701,AMRAVATI-MORSHI-GP-pardi
patur2701,AMRAVATI-MORSHI-GP-patur
pimpalkhutalahan2701,AMRAVATI-MORSHI-GP-pimpalkhutalahan
pimpulkhutamotha2701,AMRAVATI-MORSHI-GP-pimpulkhutamotha
porgavhan2701,AMRAVATI-MORSHI-GP-porgavhan
rajurwadi2701,AMRAVATI-MORSHI-GP-rajurwadi
ridhapur2701,AMRAVATI-MORSHI-GP-ridhapur
rohankheda2701,AMRAVATI-MORSHI-GP-rohankheda
sawarkheda2701,AMRAVATI-MORSHI-GP-sawarkheda
sinbhora2701,AMRAVATI-MORSHI-GP-sinbhora
shirajgaon2701,AMRAVATI-MORSHI-GP-shirajgaon
shirkhed2701,AMRAVATI-MORSHI-GP-shirkhed
shirlas2701,AMRAVATI-MORSHI-GP-shirlas
shirur2701,AMRAVATI-MORSHI-GP-shirur
talegaon2701,AMRAVATI-MORSHI-GP-talegaon
talni2701,AMRAVATI-MORSHI-GP-talni
taroda2701,AMRAVATI-MORSHI-GP-taroda
umarkhed2701,AMRAVATI-MORSHI-GP-umarkhed
udkhed2701,AMRAVATI-MORSHI-GP-udkhed
varha2701,AMRAVATI-MORSHI-GP-varha
vichori2701,AMRAVATI-MORSHI-GP-vichori
vishnora2701,AMRAVATI-MORSHI-GP-vishnora
wagholi2701,AMRAVATI-MORSHI-GP-wagholi
yavli2701,AMRAVATI-MORSHI-GP-yavli
yerla2701,AMRAVATI-MORSHI-GP-yerla
yevti2701,AMRAVATI-MORSHI-GP-yevti
alangaon2701,AMRAVATI-BHATKULI-GP-alangaon
anchalwadi2701,AMRAVATI-BHATKULI-GP-anchalwadi
ashti2701,AMRAVATI-BHATKULI-GP-ashti
asra2701,AMRAVATI-BHATKULI-GP-asra
bahadarpur2701,AMRAVATI-BHATKULI-GP-bahadarpur
bailmarkheda2701,AMRAVATI-BHATKULI-GP-bailmarkheda
bhatkuli2701,AMRAVATI-BHATKULI-GP-bhatkuli
borkhadikhu2701,AMRAVATI-BHATKULI-GP-borkhadikhu
dadhi2701,AMRAVATI-BHATKULI-GP-dadhi
dewri2701,AMRAVATI-BHATKULI-GP-dewri
dhamori2701,AMRAVATI-BHATKULI-GP-dhamori
ganojadewi2701,AMRAVATI-BHATKULI-GP-ganojadewi
ganori2701,AMRAVATI-BHATKULI-GP-ganori
gaurkheda2701,AMRAVATI-BHATKULI-GP-gaurkheda
hartala2701,AMRAVATI-BHATKULI-GP-hartala
hartoti2701,AMRAVATI-BHATKULI-GP-hartoti
hatkheda2701,AMRAVATI-BHATKULI-GP-hatkheda
haturna2701,AMRAVATI-BHATKULI-GP-haturna
jalka.hirapur2701,AMRAVATI-BHATKULI-GP-jalka hirapur
jasapur2701,AMRAVATI-BHATKULI-GP-jasapur
kamnapur2701,AMRAVATI-BHATKULI-GP-kamnapur
kanphodi2701,AMRAVATI-BHATKULI-GP-kanphodi
kawthabahade2701,AMRAVATI-BHATKULI-GP-kawthabahade
khalkhoni2701,AMRAVATI-BHATKULI-GP-khalkhoni
khartalegaon2701,AMRAVATI-BHATKULI-GP-khartalegaon
kholapur2701,AMRAVATI-BHATKULI-GP-kholapur
kumagad2701,AMRAVATI-BHATKULI-GP-kumagad
kundkhurd2701,AMRAVATI-BHATKULI-GP-kundkhurd
marki2701,AMRAVATI-BHATKULI-GP-marki
mhaispur2701,AMRAVATI-BHATKULI-GP-mhaispur
nandedkhurd2701,AMRAVATI-BHATKULI-GP-nandedkhurd
nimbha2701,AMRAVATI-BHATKULI-GP-nimbha
nirulgangamai2701,AMRAVATI-BHATKULI-GP-nirulgangamai
nnawed2701,AMRAVATI-BHATKULI-GP-nnawed
parlam2701,AMRAVATI-BHATKULI-GP-parlam
pohra.purna2701,AMRAVATI-BHATKULI-GP-pohra purna
purnanagar2701,AMRAVATI-BHATKULI-GP-purnanagar
rama2701,AMRAVATI-BHATKULI-GP-rama
sawur2701,AMRAVATI-BHATKULI-GP-sawur
sayat2701,AMRAVATI-BHATKULI-GP-sayat
shiwnibk2701,AMRAVATI-BHATKULI-GP-shiwnibk
sonarkheda2701,AMRAVATI-BHATKULI-GP-sonarkheda
takarkhedasambhu2701,AMRAVATI-BHATKULI-GP-takarkhedasambhu
uttamsara2701,AMRAVATI-BHATKULI-GP-uttamsara
virshi2701,AMRAVATI-BHATKULI-GP-virshi
waigaon2701,AMRAVATI-BHATKULI-GP-waigaon
waki.raipur2701,AMRAVATI-BHATKULI-GP-waki raipur
wantoda2701,AMRAVATI-BHATKULI-GP-wantoda
wathodashu2701,AMRAVATI-BHATKULI-GP-wathodashu
