alegaon2902,YEOTMAL-BHABULGAON-GP-ALEGAON
asegaon2902,YEOTMAL-BHABULGAON-GP-ASEGAON
astarampur2902,YEOTMAL-BHABULGAON-GP-ASTARAMPUR
soujana2902,YEOTMAL-BHABULGAON-GP-SOUJANA
babhulgaon2902,YEOTMAL-BHABULGAON-GP-BABHULGAON
barad2902,YEOTMAL-BHABULGAON-GP-BARAD
borgaon2902,YEOTMAL-BHABULGAON-GP-BORGAON
bhiluksha2902,YEOTMAL-BHABULGAON-GP-BHILUKSHA
chendkapur2902,YEOTMAL-BHABULGAON-GP-CHENDKAPUR
bhatmarg2902,YEOTMAL-BHABULGAON-GP-BHATMARG
nagari2902,YEOTMAL-BHABULGAON-GP-NAGARI
chimanapur2902,YEOTMAL-BHABULGAON-GP-CHIMANAPUR
bagapur2902,YEOTMAL-BHABULGAON-GP-BAGAPUR
anjangaon2902,YEOTMAL-BHABULGAON-GP-ANJANGAON
chondhi2902,YEOTMAL-BHABULGAON-GP-CHONDHI
kotamba2902,YEOTMAL-BHABULGAON-GP-KOTAMBA
kotha2902,YEOTMAL-BHABULGAON-GP-KOTHA
fatepur2902,YEOTMAL-BHABULGAON-GP-FATEPUR
kopara2902,YEOTMAL-BHABULGAON-GP-KOPARA
alipur2902,YEOTMAL-BHABULGAON-GP-ALIPUR
rahimatpur2902,YEOTMAL-BHABULGAON-GP-RAHIMATPUR
koprajankar2902,YEOTMAL-BHABULGAON-GP-KOPRAJANKAR
kolhi2902,YEOTMAL-BHABULGAON-GP-KOLHI
karalgaon2902,YEOTMAL-BHABULGAON-GP-KARALGAON
kondha2902,YEOTMAL-BHABULGAON-GP-KONDHA
waghapur2902,YEOTMAL-BHABULGAON-GP-WAGHAPUR
khadaksawanga2902,YEOTMAL-BHABULGAON-GP-KHADAKSAWANGA
kharda2902,YEOTMAL-BHABULGAON-GP-KHARDA
dehani2902,YEOTMAL-BHABULGAON-GP-DEHANI
dabha2902,YEOTMAL-BHABULGAON-GP-DABHA
dighi2902,YEOTMAL-BHABULGAON-GP-DIGHI
falegaon2902,YEOTMAL-BHABULGAON-GP-FALEGAON
ganori2902,YEOTMAL-BHABULGAON-GP-GANORI
gimona2902,YEOTMAL-BHABULGAON-GP-GIMONA
antargaon2902,YEOTMAL-BHABULGAON-GP-ANTARGAON
gawandi2902,YEOTMAL-BHABULGAON-GP-GAWANDI
godhari2902,YEOTMAL-BHABULGAON-GP-GODHARI
kinhi2902,YEOTMAL-BHABULGAON-GP-KINHI
galwha2902,YEOTMAL-BHABULGAON-GP-GALWHA
gharfal2902,YEOTMAL-BHABULGAON-GP-GHARFAL
loni2902,YEOTMAL-BHABULGAON-GP-LONI
deogaon2902,YEOTMAL-BHABULGAON-GP-DEOGAON
maralpur2902,YEOTMAL-BHABULGAON-GP-MARALPUR
mitanapur.n2902,YEOTMAL-BHABULGAON-GP-MITANAPUR N.
hastapur2902,YEOTMAL-BHABULGAON-GP-HASTAPUR
madani2902,YEOTMAL-BHABULGAON-GP-MADANI
mubarakpur2902,YEOTMAL-BHABULGAON-GP-MUBARAKPUR
hatgaon2902,YEOTMAL-BHABULGAON-GP-HATGAON
rautsawangi2902,YEOTMAL-BHABULGAON-GP-RAUTSAWANGI
wadgaon2902,YEOTMAL-BHABULGAON-GP-WADGAON
mahuli2902,YEOTMAL-BHABULGAON-GP-MAHULI
galwhi2902,YEOTMAL-BHABULGAON-GP-GALWHI
malapur2902,YEOTMAL-BHABULGAON-GP-MALAPUR
mahmadpur2902,YEOTMAL-BHABULGAON-GP-MAHMADPUR
bagawadi2902,YEOTMAL-BHABULGAON-GP-BAGAWADI
naygaon2902,YEOTMAL-BHABULGAON-GP-NAYGAON
nandurabk.2902,YEOTMAL-BHABULGAON-GP-NANDURABK.
paloti2902,YEOTMAL-BHABULGAON-GP-PALOTI
nandura.khu.2902,YEOTMAL-BHABULGAON-GP-NANDURA.KHU.
nandesawangi2902,YEOTMAL-BHABULGAON-GP-NANDESAWANGI
nagargaon2902,YEOTMAL-BHABULGAON-GP-NAGARGAON
pahur2902,YEOTMAL-BHABULGAON-GP-PAHUR
paimpriijara2902,YEOTMAL-BHABULGAON-GP-PAIMPRIIJARA
indiranagar2902,YEOTMAL-BHABULGAON-GP-INDIRANAGAR
pimpalkhuta2902,YEOTMAL-BHABULGAON-GP-PIMPALKHUTA
pachakhed2902,YEOTMAL-BHABULGAON-GP-PACHAKHED
panchgawhan2902,YEOTMAL-BHABULGAON-GP-PANCHGAWHAN
krushnapur2902,YEOTMAL-BHABULGAON-GP-KRUSHNAPUR
zapatkheda2902,YEOTMAL-BHABULGAON-GP-ZAPATKHEDA
parsodi2902,YEOTMAL-BHABULGAON-GP-PARSODI
raniamrawati2902,YEOTMAL-BHABULGAON-GP-RANIAMRAWATI
waijapur2902,YEOTMAL-BHABULGAON-GP-WAIJAPUR
pimpalgaon2902,YEOTMAL-BHABULGAON-GP-PIMPALGAON
sawangimang2902,YEOTMAL-BHABULGAON-GP-SAWANGIMANG
muradabad2902,YEOTMAL-BHABULGAON-GP-MURADABAD
sawar2902,YEOTMAL-BHABULGAON-GP-SAWAR
sarfali2902,YEOTMAL-BHABULGAON-GP-SARFALI
sukari2902,YEOTMAL-BHABULGAON-GP-SUKARI
wai2902,YEOTMAL-BHABULGAON-GP-WAI
taroda2902,YEOTMAL-BHABULGAON-GP-TARODA
zola2902,YEOTMAL-BHABULGAON-GP-ZOLA
sarul2902,YEOTMAL-BHABULGAON-GP-SARUL
shindi2902,YEOTMAL-BHABULGAON-GP-SHINDI
takalgaon2902,YEOTMAL-BHABULGAON-GP-TAKALGAON
mangul2902,YEOTMAL-BHABULGAON-GP-MANGUL
panas2902,YEOTMAL-BHABULGAON-GP-PANAS
thalegaon2902,YEOTMAL-BHABULGAON-GP-THALEGAON
mitanapur.2902,YEOTMAL-BHABULGAON-GP-MITANAPUR 
pratappur2902,YEOTMAL-BHABULGAON-GP-PRATAPPUR
tambha2902,YEOTMAL-BHABULGAON-GP-TAMBHA
watkhedbk2902,YEOTMAL-BHABULGAON-GP-WATKHEDBK.
watkhedkhu2902,YEOTMAL-BHABULGAON-GP-WATKHEDKHU..
mustabad2902,YEOTMAL-BHABULGAON-GP-MUSTABAD
virkhed2902,YEOTMAL-BHABULGAON-GP-VIRKHED
weni2902,YEOTMAL-BHABULGAON-GP-WENI
tukapur2902,YEOTMAL-BHABULGAON-GP-TUKAPUR
wani2902,YEOTMAL-BHABULGAON-GP-WANI
amrawati2902,YEOTMAL-BHABULGAON-GP-AMRAWATI
warud2902,YEOTMAL-BHABULGAON-GP-WARUD
renukapur2902,YEOTMAL-BHABULGAON-GP-RENUKAPUR
walidapur2902,YEOTMAL-BHABULGAON-GP-WALIDAPUR
umari2902,YEOTMAL-BHABULGAON-GP-UMARI
umarda2902,YEOTMAL-BHABULGAON-GP-UMARDA
yerangaon2902,YEOTMAL-BHABULGAON-GP-YERANGAON
yawali2902,YEOTMAL-BHABULGAON-GP-YAWALI
pimpalgaon2902,YEOTMAL-BHABULGAON-GP-PIMPALGAON
fubgaon2903,YEOTMAL-DARWHA-GP-FUBGAON
padodi2903,YEOTMAL-DARWHA-GP-PADODI
bodegaon2903,YEOTMAL-DARWHA-GP-BODEGAON
lohi2903,YEOTMAL-DARWHA-GP-LOHI
hatola2903,YEOTMAL-DARWHA-GP-HATOLA
ramgaon2903,YEOTMAL-DARWHA-GP-RAMGAON RAMESHWAR
dudhgaon2903,YEOTMAL-DARWHA-GP-DUDHGAON
mahagaonkasba2903,YEOTMAL-DARWHA-GP-MAHAGAONKASBA
kuradbuzrog2903,YEOTMAL-DARWHA-GP-KURADBUZROG
nakhegaon2903,YEOTMAL-DARWHA-GP-NAKHEGAON
dolari2903,YEOTMAL-DARWHA-GP-DOLARI
boribuzrog2903,YEOTMAL-DARWHA-GP-BORIBUZROG
antargaon2903,YEOTMAL-DARWHA-GP-ANTARGAON
pekarda2903,YEOTMAL-DARWHA-GP-PEKARDA
uchegaon2903,YEOTMAL-DARWHA-GP-UCHEGAON
barahmmi2903,YEOTMAL-DARWHA-GP-BARAHMMI
ujona2903,YEOTMAL-DARWHA-GP-UJONA
daheli2903,YEOTMAL-DARWHA-GP-DAHELI
bhandegao2903,YEOTMAL-DARWHA-GP-BHANDEGAO
chikni2903,YEOTMAL-DARWHA-GP-CHIKNI
deuldgaonwadsa2903,YEOTMAL-DARWHA-GP-DEULDGAONWADSA
dewarwadi2903,YEOTMAL-DARWHA-GP-DEWARWADI
haru2903,YEOTMAL-DARWHA-GP-HARU
erthal2903,YEOTMAL-DARWHA-GP-ERTHAL
hatgaon2903,YEOTMAL-DARWHA-GP-HATGAON
kinhiwadki2903,YEOTMAL-DARWHA-GP-KINHIWADKI
ladkhed2903,YEOTMAL-DARWHA-GP-LADKHED
taroda2903,YEOTMAL-DARWHA-GP-TARODA
tarnoli2903,YEOTMAL-DARWHA-GP-TARNOLI
mahatoli2903,YEOTMAL-DARWHA-GP-MAHATOLI
bholai2903,YEOTMAL-DARWHA-GP-BHOLAI
pathratdevi2903,YEOTMAL-DARWHA-GP-PATHRATDEVI
chikli2903,YEOTMAL-DARWHA-GP-CHIKLI
gondegaon2903,YEOTMAL-DARWHA-GP-GONDEGAON
sawli2903,YEOTMAL-DARWHA-GP-SAWLI
shendrii2903,YEOTMAL-DARWHA-GP-SHENDRII
mankopra2903,YEOTMAL-DARWHA-GP-MANKOPRA
sakra2903,YEOTMAL-DARWHA-GP-SAKRA
dhamangaondev2903,YEOTMAL-DARWHA-GP-DHAMANGAONDEV
jawada2903,YEOTMAL-DARWHA-GP-JAWADA
dhanoora.kh2904,YEOTMAL-DIGRAS-GP-DHANOORA.KH
tuptakli2904,YEOTMAL-DIGRAS-GP-TUPTAKLI
singad2904,YEOTMAL-DIGRAS-GP-SINGAD
dolambawadi2904,YEOTMAL-DIGRAS-GP-DOLAMBAWADI
dolamba2904,YEOTMAL-DIGRAS-GP-DOLAMBA
deurwada2904,YEOTMAL-DIGRAS-GP-DEURWADA
ramnagar2904,YEOTMAL-DIGRAS-GP-RAMNAGAR
dehni2904,YEOTMAL-DIGRAS-GP-DEHNI
mokh2904,YEOTMAL-DIGRAS-GP-MOKH
lakhrai2904,YEOTMAL-DIGRAS-GP-LAKHRAI
kalsa2904,YEOTMAL-DIGRAS-GP-KALSA
chincholi2.2904,YEOTMAL-DIGRAS-GP-CHINCHOLI NO. 2
fetri2904,YEOTMAL-DIGRAS-GP-FETRI
mandawa2904,YEOTMAL-DIGRAS-GP-MANDAWA
savanga.kh2904,YEOTMAL-DIGRAS-GP-SAVANGA.KH
tiwri2904,YEOTMAL-DIGRAS-GP-TIWRI
gadegao2904,YEOTMAL-DIGRAS-GP-GADEGAO
vitholi2904,YEOTMAL-DIGRAS-GP-VITHOLI
rohnadevi2904,YEOTMAL-DIGRAS-GP-ROHNADEVI
malhiwra2904,YEOTMAL-DIGRAS-GP-MALHIWRA
amla.bk2904,YEOTMAL-DIGRAS-GP-AMLA.BK
rahti2904,YEOTMAL-DIGRAS-GP-RAHTI
kati2904,YEOTMAL-DIGRAS-GP-KATI
pelu2904,YEOTMAL-DIGRAS-GP-PELU
bori2904,YEOTMAL-DIGRAS-GP-BORI 
khandapur2904,YEOTMAL-DIGRAS-GP-KHANDAPUR
sevanagar2904,YEOTMAL-DIGRAS-GP-SEVANAGAR
vasantpur2904,YEOTMAL-DIGRAS-GP-VASANTPUR
bhilwadi2904,YEOTMAL-DIGRAS-GP-BHILWADI
chinchpatra2904,YEOTMAL-DIGRAS-GP-CHINCHPATRA
javala2904,YEOTMAL-DIGRAS-GP-JAVALA
kolura2904,YEOTMAL-DIGRAS-GP-KOLURA
loni2904,YEOTMAL-DIGRAS-GP-LONI
mendhi2904,YEOTMAL-DIGRAS-GP-MENDHI
pimpari2904,YEOTMAL-DIGRAS-GP-PIMPARI
parwa2905,YEOTMAL-GATANJI-GP-PARWA
shivani2905,YEOTMAL-GATANJI-GP-SHIVANI
pardi.n2905,YEOTMAL-GATANJI-GP-PARDI.N
shiroli2905,YEOTMAL-GATANJI-GP-SHIROLI
manoli2905,YEOTMAL-GATANJI-GP-MANOLI
kurli2905,YEOTMAL-GATANJI-GP-KURLI
zatala2905,YEOTMAL-GATANJI-GP-ZATALA
ghoti2905,YEOTMAL-GATANJI-GP-GHOTI
chikhalwardha2905,YEOTMAL-GATANJI-GP-CHIKHALWARDHA
sayatkharda2905,YEOTMAL-GATANJI-GP-SAYATKHARDA
jarang2905,YEOTMAL-GATANJI-GP-JARANG
kinhik2905,YEOTMAL-GATANJI-GP-KINHI.K
khapari2905,YEOTMAL-GATANJI-GP-KHAPARI
mohada2905,YEOTMAL-GATANJI-GP-MOHADA
sakhara2905,YEOTMAL-GATANJI-GP-SAKHARA
bhambora2905,YEOTMAL-GATANJI-GP-BHAMBORA
amadi2905,YEOTMAL-GATANJI-GP-AMADI
maregaon2905,YEOTMAL-GATANJI-GP-MAREGAON
murli2905,YEOTMAL-GATANJI-GP-MURLI
jamb2905,YEOTMAL-GATANJI-GP-JAMB
titawi2905,YEOTMAL-GATANJI-GP-TITAWI
anjin2905,YEOTMAL-GATANJI-GP-ANJI.N
wagara2905,YEOTMAL-GATANJI-GP-WAGARA
jarur2905,YEOTMAL-GATANJI-GP-JARUR
tiwasala2905,YEOTMAL-GATANJI-GP-TIWASALA
sawargaon2905,YEOTMAL-GATANJI-GP-SAWARGAON
sawangisangam2905,YEOTMAL-GATANJI-GP-SAWANGI SANGAM
pangadi2905,YEOTMAL-GATANJI-GP-PANGADI
devadhari2905,YEOTMAL-GATANJI-GP-DEVADHARI
rajurwadi2905,YEOTMAL-GATANJI-GP-RAJURWADI
belora2905,YEOTMAL-GATANJI-GP-BELORA
patapangara2905,YEOTMAL-GATANJI-GP-PATAPANGARA
dahegaon2905,YEOTMAL-GATANJI-GP-DAHEGAON
wasari2905,YEOTMAL-GATANJI-GP-WASARI
dorali2905,YEOTMAL-GATANJI-GP-DORALI
manusdari2905,YEOTMAL-GATANJI-GP-MANUSDARI
pandhurna.ku2905,YEOTMAL-GATANJI-GP-PANDHURNA.KU
taroda2905,YEOTMAL-GATANJI-GP-TARODA
izala2905,YEOTMAL-GATANJI-GP-IZALA
wadhona.ku2905,YEOTMAL-GATANJI-GP-WADHONA.KU
sarad2905,YEOTMAL-GATANJI-GP-SARAD
yarangaon2905,YEOTMAL-GATANJI-GP-YARANGAON
kurhad2905,YEOTMAL-GATANJI-GP-KURHAD
majari2905,YEOTMAL-GATANJI-GP-MAJARI
tadsawali2905,YEOTMAL-GATANJI-GP-TADSAWALI
kopara.ku2905,YEOTMAL-GATANJI-GP-KOPARA.KU
mandwa2905,YEOTMAL-GATANJI-GP-MANDWA
ashti2906,YEOTMAL-KALAMB-GP-ASHTI
belori2906,YEOTMAL-KALAMB-GP-BELORI
borimahal2906,YEOTMAL-KALAMB-GP-BORI MAHAL
chaparda2906,YEOTMAL-KALAMB-GP-CHAPARDA
chincholi2906,YEOTMAL-KALAMB-GP-CHINCHOLI
dattapur2906,YEOTMAL-KALAMB-GP-DATTAPUR
deonala2906,YEOTMAL-KALAMB-GP-DEONALA
dhotra2906,YEOTMAL-KALAMB-GP-DHOTRA
dongarkharda2906,YEOTMAL-KALAMB-GP-DONGARKHARDA
donoda2906,YEOTMAL-KALAMB-GP-DONODA
husnapur2906,YEOTMAL-KALAMB-GP-HUSNAPUR 
jodmoha2906,YEOTMAL-KALAMB-GP-JODMOHA
kalamb2906,YEOTMAL-KALAMB-GP-KALAMB
katri2906,YEOTMAL-KALAMB-GP-KATRI
kinhala2906,YEOTMAL-KALAMB-GP-KINHALA
kotha2906,YEOTMAL-KALAMB-GP-KOTHA
metikheda2906,YEOTMAL-KALAMB-GP-METIKHEDA
musal2906,YEOTMAL-KALAMB-GP-MUSAL
nanza2906,YEOTMAL-KALAMB-GP-NANZA
narsapur2906,YEOTMAL-KALAMB-GP-NARSAPUR
paloti2906,YEOTMAL-KALAMB-GP-PALOTI 
pardi.s2906,YEOTMAL-KALAMB-GP-PARDI.S
parsodi.b2906,YEOTMAL-KALAMB-GP-PARSODI.B
pimpalgaon2906,YEOTMAL-KALAMB-GP-PIMPALGAON
potgohan2906,YEOTMAL-KALAMB-GP-POTGOHAN
rasa2906,YEOTMAL-KALAMB-GP-RASA 
sawargaon2906,YEOTMAL-KALAMB-GP-SAWARGAON
sharad2906,YEOTMAL-KALAMB-GP-SHARAD
tirzada2906,YEOTMAL-KALAMB-GP-TIRZADA
watbori2906,YEOTMAL-KALAMB-GP-WATBORI
zadkinhi2906,YEOTMAL-KALAMB-GP-ZADKINHI
prdhanbori2906,YEOTMAL-KALAMB-GP-PRDHANBORI
nimbhora2906,YEOTMAL-KALAMB-GP-NIMBHORA
mankapur2906,YEOTMAL-KALAMB-GP-MANKAPUR
wandali2906,YEOTMAL-KALAMB-GP-WANDALI
aloda2906,YEOTMAL-KALAMB-GP-ALODA
mavalani2906,YEOTMAL-KALAMB-GP-MAVALANI
shiwani2906,YEOTMAL-KALAMB-GP-SHIWANI
mhasola2906,YEOTMAL-KALAMB-GP-MHASOLA
antargaon2906,YEOTMAL-KALAMB-GP-ANTARGAON
mategaon2906,YEOTMAL-KALAMB-GP-MATEGAON
narsapur2906,YEOTMAL-KALAMB-GP-NARSAPUR
umari2906,YEOTMAL-KALAMB-GP-UMARI
pahur.e2906,YEOTMAL-KALAMB-GP-PAHUR.E
sawargaon2906,YEOTMAL-KALAMB-GP-SAWARGAON
khairi2906,YEOTMAL-KALAMB-GP-KHAIRI
mohada2907,YEOTMAL-KELAPUR-GP-MOHADA
umariroad2907,YEOTMAL-KELAPUR-GP-UMARIROAD
runza2907,YEOTMAL-KELAPUR-GP-RUNZA
dhokiroad2907,YEOTMAL-KELAPUR-GP-DHOKIROAD
marathwakadi2907,YEOTMAL-KELAPUR-GP-MARATHWAKADI
pahapal2907,YEOTMAL-KELAPUR-GP-PAHAPAL
chanakha2907,YEOTMAL-KELAPUR-GP-CHANAKHA
padha2907,YEOTMAL-KELAPUR-GP-PADHA
sonbardi2907,YEOTMAL-KELAPUR-GP-SONBARDI
akoli.bu2907,YEOTMAL-KELAPUR-GP-AKOLI BU
karanjiroad2907,YEOTMAL-KELAPUR-GP-KARANJI ROAD
saikheda2907,YEOTMAL-KELAPUR-GP-SAIKHEDA
sonurli2907,YEOTMAL-KELAPUR-GP-SONURLI
pimpriraod2907,YEOTMAL-KELAPUR-GP-PIMPRIRAOD
sakharakhu2907,YEOTMAL-KELAPUR-GP-SAKHARAKHU
akolikhu2907,YEOTMAL-KELAPUR-GP-AKOLIKHU
borgaon2907,YEOTMAL-KELAPUR-GP-BORGAON
pathari2907,YEOTMAL-KELAPUR-GP-PATHARI
ghonshi2907,YEOTMAL-KELAPUR-GP-GHONSHI
kelapur2907,YEOTMAL-KELAPUR-GP-KELAPUR
asoli2907,YEOTMAL-KELAPUR-GP-ASOLI
karegaonram2907,YEOTMAL-KELAPUR-GP-KAREGAONRAM
sunna2907,YEOTMAL-KELAPUR-GP-SUNNA
mira2907,YEOTMAL-KELAPUR-GP-MIRA
chikhaldara2907,YEOTMAL-KELAPUR-GP-CHIKHALDARA
mohadari2907,YEOTMAL-KELAPUR-GP-MOHADARI
rudha2907,YEOTMAL-KELAPUR-GP-RUDHA
kodori2907,YEOTMAL-KELAPUR-GP-KODORI
karanwadi2907,YEOTMAL-KELAPUR-GP-KARANWADI
maregaonmorwa2907,YEOTMAL-KELAPUR-GP-MAREGAONMORWA
kegaon2907,YEOTMAL-KELAPUR-GP-KEGAON
wagholi2907,YEOTMAL-KELAPUR-GP-WAGHOLI
dharna2907,YEOTMAL-KELAPUR-GP-DHARNA
khirgaondesh2907,YEOTMAL-KELAPUR-GP-KHIRGAONDESH
wagada2907,YEOTMAL-KELAPUR-GP-WAGADA
daheli2907,YEOTMAL-KELAPUR-GP-DAHELI
bhadumari2907,YEOTMAL-KELAPUR-GP-BHADUMARI
kinhinandapur2907,YEOTMAL-KELAPUR-GP-KINHINANDAPUR
sakhibu2907,YEOTMAL-KELAPUR-GP-SAKHIBU
kothoda2907,YEOTMAL-KELAPUR-GP-KOTHODA
mangi2907,YEOTMAL-KELAPUR-GP-MANGI
adani2907,YEOTMAL-KELAPUR-GP-ADANI
munzala2907,YEOTMAL-KELAPUR-GP-MUNZALA
mangurda2907,YEOTMAL-KELAPUR-GP-MANGURDA
patanbori2907,YEOTMAL-KELAPUR-GP-PATANBORI
chalbardi2907,YEOTMAL-KELAPUR-GP-CHALBARDI
wanjari2907,YEOTMAL-KELAPUR-GP-WANJARI
both2907,YEOTMAL-KELAPUR-GP-BOTH
bahattar2907,YEOTMAL-KELAPUR-GP-BAHATTAR
arli2907,YEOTMAL-KELAPUR-GP-ARLI
karegaonban2907,YEOTMAL-KELAPUR-GP-KAREGAONBAN
ghoddara2907,YEOTMAL-KELAPUR-GP-GHODDARA
khirgaonbu2907,YEOTMAL-KELAPUR-GP-KHIRGAONBU
kondi2907,YEOTMAL-KELAPUR-GP-KONDI
ghubdi2907,YEOTMAL-KELAPUR-GP-GHUBDI
telangtakli2907,YEOTMAL-KELAPUR-GP-TELANGTAKLI
tadumri2907,YEOTMAL-KELAPUR-GP-TADUMRI
wrundawantakali2907,YEOTMAL-KELAPUR-GP-WRUNDAWANTAKALI
dabha2907,YEOTMAL-KELAPUR-GP-DABHA MAN
warha2907,YEOTMAL-KELAPUR-GP-WARHA
kawatha2907,YEOTMAL-KELAPUR-GP-KAWATHA
kopamandavi2907,YEOTMAL-KELAPUR-GP-KOPAMANDAVI
susari2907,YEOTMAL-KELAPUR-GP-SUSARI
tembhi2907,YEOTMAL-KELAPUR-GP-TEMBHI
maregaon2907,YEOTMAL-KELAPUR-GP-MAREGAON WAN
pimpribori2907,YEOTMAL-KELAPUR-GP-PIMPRI BORI
sakharabu2907,YEOTMAL-KELAPUR-GP-SAKHARABU
lingatidharan2907,YEOTMAL-KELAPUR-GP-LINGATIDHARAN
konghara2907,YEOTMAL-KELAPUR-GP-KONGHARA
singaldip2907,YEOTMAL-KELAPUR-GP-SINGALDIP
wathoda2907,YEOTMAL-KELAPUR-GP-WATHODA
zuli2907,YEOTMAL-KELAPUR-GP-ZULI
wai2907,YEOTMAL-KELAPUR-GP-WAI
pimpl.khuti2907,YEOTMAL-KELAPUR-GP-PIMPL KHUTI
amboda2908,YEOTMAL-MAHAGAON-GP-AMBODA
amnikhu2908,YEOTMAL-MAHAGAON-GP-AMNI KHU
amnibu2908,YEOTMAL-MAHAGAON-GP-AMNIBU
anantwadi2908,YEOTMAL-MAHAGAON-GP-ANANTWADI
beldari2908,YEOTMAL-MAHAGAON-GP-BELDARI
bori2908,YEOTMAL-MAHAGAON-GP-BORI 
brahmi2908,YEOTMAL-MAHAGAON-GP-BRAHMI
chillie2908,YEOTMAL-MAHAGAON-GP-CHILLIE
dagadthar2908,YEOTMAL-MAHAGAON-GP-DAGADTHAR
dahisawali2908,YEOTMAL-MAHAGAON-GP-DAHISAWALI
dahiwad.ku2908,YEOTMAL-MAHAGAON-GP-DAHIWAD KU
dhanoda2908,YEOTMAL-MAHAGAON-GP-DHANODA
dharmoha2908,YEOTMAL-MAHAGAON-GP-DHARMOHA
dongargaon2908,YEOTMAL-MAHAGAON-GP-DONGARGAON  .  
fhulsawangi2908,YEOTMAL-MAHAGAON-GP-FHULSAWANGI
ghonsara2908,YEOTMAL-MAHAGAON-GP-GHONSARA
gunj2908,YEOTMAL-MAHAGAON-GP-GUNJ
hiwra2908,YEOTMAL-MAHAGAON-GP-HIWRA .
ilower2908,YEOTMAL-MAHAGAON-GP-ILOWER 
kalgaon2908,YEOTMAL-MAHAGAON-GP-KALGAON
kalite2908,YEOTMAL-MAHAGAON-GP-KALITE
kalidu2908,YEOTMAL-MAHAGAON-GP-KALIDU
kanha2908,YEOTMAL-MAHAGAON-GP-KANHA .
karangi2908,YEOTMAL-MAHAGAON-GP-KARANGI
karanjkhed2908,YEOTMAL-MAHAGAON-GP-KARANJKHED
kasarbeal2908,YEOTMAL-MAHAGAON-GP-KASARBEAL
kasola2908,YEOTMAL-MAHAGAON-GP-KASOLA
khadka2908,YEOTMAL-MAHAGAON-GP-KHADKA
kondari2908,YEOTMAL-MAHAGAON-GP-KONDARI
kothari2908,YEOTMAL-MAHAGAON-GP-KOTHARI
koudagaon2908,YEOTMAL-MAHAGAON-GP-KOUDAGAON
leva2908,YEOTMAL-MAHAGAON-GP-LEVA
mahagaon2908,YEOTMAL-MAHAGAON-GP-MAHAGAON
malegaon2908,YEOTMAL-MAHAGAON-GP-MALEGAON
malkinhi2908,YEOTMAL-MAHAGAON-GP-MALKINHI
malwagad2908,YEOTMAL-MAHAGAON-GP-MALWAGAD
mohadi2908,YEOTMAL-MAHAGAON-GP-MOHADI .
morath2908,YEOTMAL-MAHAGAON-GP-MORATH
mudana2908,YEOTMAL-MAHAGAON-GP-MUDANA .
pedhi.e2908,YEOTMAL-MAHAGAON-GP-PEDHI.E
pimpalgaon.ka2908,YEOTMAL-MAHAGAON-GP-PIMPALGAON.KA
pimpalgaon.e2908,YEOTMAL-MAHAGAON-GP-PIMPALGAON.E
pipri.bham2908,YEOTMAL-MAHAGAON-GP-PIPRI.BHAM
pohandul2908,YEOTMAL-MAHAGAON-GP-POHANDUL .
pokharie2908,YEOTMAL-MAHAGAON-GP-POKHARI.E
rahur2908,YEOTMAL-MAHAGAON-GP-RAHUR 
sai.e2908,YEOTMAL-MAHAGAON-GP-SAI.E
sawana2908,YEOTMAL-MAHAGAON-GP-SAWANA
shirfulli2908,YEOTMAL-MAHAGAON-GP-SHIRFULLI
shirpur2908,YEOTMAL-MAHAGAON-GP-SHIRPUR
tembhi.k2908,YEOTMAL-MAHAGAON-GP-TEMBHI.KA
temburdara2908,YEOTMAL-MAHAGAON-GP-TEMBURDARA
tiwrang2908,YEOTMAL-MAHAGAON-GP-TIWRANG
tulsinagar2908,YEOTMAL-MAHAGAON-GP-TULSINAGAR
uti2908,YEOTMAL-MAHAGAON-GP-UTI
vadadb2908,YEOTMAL-MAHAGAON-GP-VADAD.BR
vadadm2908,YEOTMAL-MAHAGAON-GP-VADAD.MU
vakodi2908,YEOTMAL-MAHAGAON-GP-VAKODI .
vanoli2908,YEOTMAL-MAHAGAON-GP-VANOLI .
veni2908,YEOTMAL-MAHAGAON-GP-VENI
chilgawan2908,YEOTMAL-MAHAGAON-GP-CHILGAWAN
vaghanath2908,YEOTMAL-MAHAGAON-GP-VAGHANATH
varodi2908,YEOTMAL-MAHAGAON-GP-VARODI
bhosa2908,YEOTMAL-MAHAGAON-GP-BHOSA
malkapur2908,YEOTMAL-MAHAGAON-GP-MALKAPUR
kawatha2908,YEOTMAL-MAHAGAON-GP-KAWATHA
chichapad2908,YEOTMAL-MAHAGAON-GP-CHICHAPAD
hiwari2908,YEOTMAL-MAHAGAON-GP-HIWARI
wagad2908,YEOTMAL-MAHAGAON-GP-WAGAD.(E
ghanmukh2908,YEOTMAL-MAHAGAON-GP-GHANMUKH
chincholi2908,YEOTMAL-MAHAGAON-GP-CHINCHOLI
bijora2908,YEOTMAL-MAHAGAON-GP-BIJORA
lohara2908,YEOTMAL-MAHAGAON-GP-LOHARA
botha2908,YEOTMAL-MAHAGAON-GP-BOTHA .
hingani2908,YEOTMAL-MAHAGAON-GP-HINGANI
sarkini2908,YEOTMAL-MAHAGAON-GP-SARKINI
akkapur2909,YEOTMAL-MAREGAON-GP-AKKAPUR
aapti2909,YEOTMAL-MAREGAON-GP-AAPTI
borikhurd2909,YEOTMAL-MAREGAON-GP-BORI KHURD
borib.2909,YEOTMAL-MAREGAON-GP-BORIB.
chinchada2909,YEOTMAL-MAREGAON-GP-CHINCHADA
chinchmandal2909,YEOTMAL-MAREGAON-GP-CHINCHMANDAL
botoni2909,YEOTMAL-MAREGAON-GP-BOTONI
chopan2909,YEOTMAL-MAREGAON-GP-CHOPAN
dandgaon2909,YEOTMAL-MAREGAON-GP-DANDGAON
doldongargaon2909,YEOTMAL-MAREGAON-GP-DOLDONGARGAON
ghoddara2909,YEOTMAL-MAREGAON-GP-GHODDARA
gondburanda2909,YEOTMAL-MAREGAON-GP-GONDBURANDA
hiwramajra2909,YEOTMAL-MAREGAON-GP-HIWRAMAJRA
jalka2909,YEOTMAL-MAREGAON-GP-JALKA
karanwadi2909,YEOTMAL-MAREGAON-GP-KARANWADI
khairgaon2909,YEOTMAL-MAREGAON-GP-KHAIRGAON
koalgaon2909,YEOTMAL-MAREGAON-GP-KOALGAON
kumbha2909,YEOTMAL-MAREGAON-GP-KUMBHA
machindra2909,YEOTMAL-MAREGAON-GP-MACHINDRA
mangrul2909,YEOTMAL-MAREGAON-GP-MANGRUL
mardi2909,YEOTMAL-MAREGAON-GP-MARDI
maregaon2909,YEOTMAL-MAREGAON-GP-MAREGAON
maregaon2909,YEOTMAL-MAREGAON-GP-MAREGAON
narsala2909,YEOTMAL-MAREGAON-GP-NARSALA
nawargaon2909,YEOTMAL-MAREGAON-GP-NAWARGAON
pisgaon2909,YEOTMAL-MAREGAON-GP-PISGAON
sagnapur2909,YEOTMAL-MAREGAON-GP-SAGNAPUR
sarati2909,YEOTMAL-MAREGAON-GP-SARATI
sindimahagaon2909,YEOTMAL-MAREGAON-GP-SINDIMAHAGAON
wagdara2909,YEOTMAL-MAREGAON-GP-WAGDARA
wanojadewi2909,YEOTMAL-MAREGAON-GP-WANOJADEWI
warud2909,YEOTMAL-MAREGAON-GP-WARUD
wegaon2909,YEOTMAL-MAREGAON-GP-WEGAON
hiwri2909,YEOTMAL-MAREGAON-GP-HIWRI
arjuni2909,YEOTMAL-MAREGAON-GP-ARJUNI
godhani2909,YEOTMAL-MAREGAON-GP-GODHANI
dewada2909,YEOTMAL-MAREGAON-GP-DEWADA
pahapal2909,YEOTMAL-MAREGAON-GP-PAHAPAL
kinhala2909,YEOTMAL-MAREGAON-GP-KINHALA
kanada2909,YEOTMAL-MAREGAON-GP-KANADA
shivanidhobe2909,YEOTMAL-MAREGAON-GP-SHIVANIDHOBE
gokuldhara2909,YEOTMAL-MAREGAON-GP-GOKULDHARA
maisdodka2909,YEOTMAL-MAREGAON-GP-MAISDODKA
takarkheda2909,YEOTMAL-MAREGAON-GP-TAKARKHEDA
takli2909,YEOTMAL-MAREGAON-GP-TAKLI
buranda2909,YEOTMAL-MAREGAON-GP-BURANDA
majara2909,YEOTMAL-MAREGAON-GP-MAJARA
kothurla2909,YEOTMAL-MAREGAON-GP-KOTHURLA 
kosara2909,YEOTMAL-MAREGAON-GP-KOSARA
kanhalgaon2909,YEOTMAL-MAREGAON-GP-KANHALGAON
wanjari2909,YEOTMAL-MAREGAON-GP-WANJARI 
gadegaon2909,YEOTMAL-MAREGAON-GP-GADEGAON
sawangi2909,YEOTMAL-MAREGAON-GP-SAWANGI 
mangaladevi2910,YEOTMAL-NER-GP-MANGALADEVI
sonwadhona2910,YEOTMAL-NER-GP-SONWADHONA
indrathana2910,YEOTMAL-NER-GP-INDRATHANA
indrathana2910,YEOTMAL-NER-GP-INDRATHANA
malkhedbu.2910,YEOTMAL-NER-GP-MALKHEDBU.
bangaon2910,YEOTMAL-NER-GP-BANGAON
dhanaj2910,YEOTMAL-NER-GP-DHANAJ
manikwada2910,YEOTMAL-NER-GP-MANIKWADA
udapur2910,YEOTMAL-NER-GP-UDAPUR
chikni.domga2910,YEOTMAL-NER-GP-CHIKNI.DOMGA
pimpalgao.dubba2910,YEOTMAL-NER-GP-PIMPALGAO.DUBBA
uatarwadhona.noc2910,YEOTMAL-NER-GP-UATARWADHONA.NOC
malkhed.khu.2910,YEOTMAL-NER-GP-MALKHED.KHU.
watfali.noc2910,YEOTMAL-NER-GP-WATFALI.NOC
ajanti.noc2910,YEOTMAL-NER-GP-AJANTI.NOC
adgao.khaki2910,YEOTMAL-NER-GP-ADGAO.KHAKI
balegao2910,YEOTMAL-NER-GP-BALEGAO
mozar2910,YEOTMAL-NER-GP-MOZAR
shahapur2910,YEOTMAL-NER-GP-SHAHAPUR
satephal2910,YEOTMAL-NER-GP-SATEPHAL
chiknikanhoba2910,YEOTMAL-NER-GP-CHIKNIKANHOBA
pimparikalga2910,YEOTMAL-NER-GP-PIMPARIKALGA
pathadgole2910,YEOTMAL-NER-GP-PATHADGOLE
ghui.noc2910,YEOTMAL-NER-GP-GHUI.NOC
borgoanliga2910,YEOTMAL-NER-GP-BORGOANLIGA.NOC
jawalgaon2910,YEOTMAL-NER-GP-JAWALGAON
kharadgoan2910,YEOTMAL-NER-GP-KHARADGOAN
sawargaonkale2910,YEOTMAL-NER-GP-SAWARGAONKALE
sonkhas2910,YEOTMAL-NER-GP-SONKHAS
sarangpur2910,YEOTMAL-NER-GP-SARANGPUR
waiijara2910,YEOTMAL-NER-GP-WAIIJARA
dahiphal2910,YEOTMAL-NER-GP-DAHIPHAL
kolura2910,YEOTMAL-NER-GP-KOLURA
walki2910,YEOTMAL-NER-GP-WALKI
chichgao2910,YEOTMAL-NER-GP-CHICHGAO
karkheda2910,YEOTMAL-NER-GP-KARKHEDA
sindkhed2910,YEOTMAL-NER-GP-SINDKHED
baramanwadaeast2910,YEOTMAL-NER-GP-BARAMANWADAEAST
bamhanwadawe2910,YEOTMAL-NER-GP-BAMHANWADAWE
sirajgoan2910,YEOTMAL-NER-GP-SIRAJGOAN
umartha2910,YEOTMAL-NER-GP-UMARTHA
kholapuri2910,YEOTMAL-NER-GP-KHOLAPURI
gharephal2910,YEOTMAL-NER-GP-GHAREPHAL
ratnapur2910,YEOTMAL-NER-GP-RATNAPUR
pandhari2910,YEOTMAL-NER-GP-PANDHARI
vyahali2910,YEOTMAL-NER-GP-VYAHALI
kohala2910,YEOTMAL-NER-GP-KOHALA
loni2910,YEOTMAL-NER-GP-LONI 
dagaddhanora2910,YEOTMAL-NER-GP-DAGADDHANORA
mangul2910,YEOTMAL-NER-GP-MANGUL
takalisalami2910,YEOTMAL-NER-GP-TAKALISALAMI
donad2910,YEOTMAL-NER-GP-DONAD
jyotinagar2911,YEOTMAL-PUSAD-GP-JYOTINAGAR
gajipur2911,YEOTMAL-PUSAD-GP-GAJIPUR
waltur.re2911,YEOTMAL-PUSAD-GP-WALTUR.RE
mop2911,YEOTMAL-PUSAD-GP-MOP
khadakadari2911,YEOTMAL-PUSAD-GP-KHADAKADARI
inapur2911,YEOTMAL-PUSAD-GP-INAPUR
karhol2911,YEOTMAL-PUSAD-GP-KARHOL
dhankesawar2911,YEOTMAL-PUSAD-GP-DHANKESAWAR
hiwalani.pa2911,YEOTMAL-PUSAD-GP-HIWALANI.PA
jawali2911,YEOTMAL-PUSAD-GP-JAWALI
udadi2911,YEOTMAL-PUSAD-GP-UDADI
havanwatkheda2911,YEOTMAL-PUSAD-GP-HAVANWATKHEDA
khumbhari2911,YEOTMAL-PUSAD-GP-KHUMBHARI
gahuli2911,YEOTMAL-PUSAD-GP-GAHULI
singarwadi2911,YEOTMAL-PUSAD-GP-SINGARWADI
sawargaon.b2911,YEOTMAL-PUSAD-GP-SAWARGAON.B
fetra2911,YEOTMAL-PUSAD-GP-FETRA
hudi.kh2911,YEOTMAL-PUSAD-GP-HUDI.KH
bori.m2911,YEOTMAL-PUSAD-GP-BORI.M
adgaon2911,YEOTMAL-PUSAD-GP-ADGAON
bramhangaon2911,YEOTMAL-PUSAD-GP-BRAMHANGAON
parawa2911,YEOTMAL-PUSAD-GP-PARAWA
jamshetpur2911,YEOTMAL-PUSAD-GP-JAMSHETPUR
wanwarala2911,YEOTMAL-PUSAD-GP-WANWARALA
lakhi2911,YEOTMAL-PUSAD-GP-LAKHI
katkheda2911,YEOTMAL-PUSAD-GP-KATKHEDA
rohada2911,YEOTMAL-PUSAD-GP-ROHADA
manikdoha2911,YEOTMAL-PUSAD-GP-MANIKDOHA
harshi2911,YEOTMAL-PUSAD-GP-HARSHI
aregaon2911,YEOTMAL-PUSAD-GP-AREGAON
shilona2911,YEOTMAL-PUSAD-GP-SHILONA
bori.kh2911,YEOTMAL-PUSAD-GP-BORI.KH
janbazar2911,YEOTMAL-PUSAD-GP-JANBAZAR
bhojala2911,YEOTMAL-PUSAD-GP-BHOJALA
pardi2911,YEOTMAL-PUSAD-GP-PARDI
shelu.bu2911,YEOTMAL-PUSAD-GP-SHELU.BU
kakadadati2911,YEOTMAL-PUSAD-GP-KAKADADATI
shembal2911,YEOTMAL-PUSAD-GP-SHEMBALPIMPARI
lonadari2911,YEOTMAL-PUSAD-GP-LONADARI 
devathana2911,YEOTMAL-PUSAD-GP-DEVATHANA
pimpalgaon.i2911,YEOTMAL-PUSAD-GP-PIMPALGAON.I
hegadi2911,YEOTMAL-PUSAD-GP-HEGADI
dahiwad2911,YEOTMAL-PUSAD-GP-DAHIWAD
nanad.i2911,YEOTMAL-PUSAD-GP-NANAD.I
januna2911,YEOTMAL-PUSAD-GP-JANUNA 
rajana2911,YEOTMAL-PUSAD-GP-RAJANA
hudi.bu2911,YEOTMAL-PUSAD-GP-HUDI.BU
khandala2911,YEOTMAL-PUSAD-GP-KHANDALA
asoli2911,YEOTMAL-PUSAD-GP-ASOLI 
hiwalanit.a2911,YEOTMAL-PUSAD-GP-HIWALANIT.A
chondi2911,YEOTMAL-PUSAD-GP-CHONDI
karala2911,YEOTMAL-PUSAD-GP-KARALA
marsul2911,YEOTMAL-PUSAD-GP-MARSUL
mungasi2911,YEOTMAL-PUSAD-GP-MUNGASI
mandwa2911,YEOTMAL-PUSAD-GP-MANDWA
wadgaon2911,YEOTMAL-PUSAD-GP-WADGAON 
bansi2911,YEOTMAL-PUSAD-GP-BANSI
sandwa2911,YEOTMAL-PUSAD-GP-SANDWA
boragadi2911,YEOTMAL-PUSAD-GP-BORAGADI
gaul.kh2911,YEOTMAL-PUSAD-GP-GAUL.KH
dhundi2911,YEOTMAL-PUSAD-GP-DHUNDI
warud2911,YEOTMAL-PUSAD-GP-WARUD
isapur2911,YEOTMAL-PUSAD-GP-ISAPUR
gaymukhnagar2911,YEOTMAL-PUSAD-GP-GAYMUKHNAGAR
belora2911,YEOTMAL-PUSAD-GP-BELORA
pandhurna.kh2911,YEOTMAL-PUSAD-GP-PANDHURNA.KH
moha.i2911,YEOTMAL-PUSAD-GP-MOHA.I
nimbi2911,YEOTMAL-PUSAD-GP-NIMBI
shrirampur2911,YEOTMAL-PUSAD-GP-SHRIRAMPUR
kondhai2911,YEOTMAL-PUSAD-GP-KONDHAI
ansing2911,YEOTMAL-PUSAD-GP-ANSING
gaulmanjari2911,YEOTMAL-PUSAD-GP-GAULMANJARI
buti.i2911,YEOTMAL-PUSAD-GP-BUTI.I
horakad2911,YEOTMAL-PUSAD-GP-HORAKAD 
shivani2911,YEOTMAL-PUSAD-GP-SHIVANI
khairkhrda2911,YEOTMAL-PUSAD-GP-KHAIRKHRDA
marawadi.bu2911,YEOTMAL-PUSAD-GP-MARAWADI.BU
marwadi.kh2911,YEOTMAL-PUSAD-GP-MARWADI.KH
aamati2911,YEOTMAL-PUSAD-GP-AAMATI
nanad.kh2911,YEOTMAL-PUSAD-GP-NANAD.KH
nandura.i2911,YEOTMAL-PUSAD-GP-NANDURA.I
sawargaon.go2911,YEOTMAL-PUSAD-GP-SAWARGAON.GO
jamnak12911,YEOTMAL-PUSAD-GP-JAMNAK1
jamnaik22911,YEOTMAL-PUSAD-GP-JAMNAIK2
jawala2911,YEOTMAL-PUSAD-GP-JAWALA
gaul.bu2911,YEOTMAL-PUSAD-GP-GAUL.BU
malasoli2911,YEOTMAL-PUSAD-GP-MALASOLI
fulawadi2911,YEOTMAL-PUSAD-GP-FULAWADI
dudhagiri2911,YEOTMAL-PUSAD-GP-DUDHAGIRI
shelu.bu2911,YEOTMAL-PUSAD-GP-SHELU.BU
pimpalgaon2911,YEOTMAL-PUSAD-GP-PIMPALGAON.MU
kharshi2911,YEOTMAL-PUSAD-GP-KHARSHI
chikani2911,YEOTMAL-PUSAD-GP-CHIKANI
indiranagar2911,YEOTMAL-PUSAD-GP-INDIRANAGAR
wadsad2911,YEOTMAL-PUSAD-GP-WADSAD
pokhari2911,YEOTMAL-PUSAD-GP-POKHARI
yeldari2911,YEOTMAL-PUSAD-GP-YELDARI
mokhad2911,YEOTMAL-PUSAD-GP-MOKHAD
waltur.ta2911,YEOTMAL-PUSAD-GP-WALTUR.TA
sawangi2911,YEOTMAL-PUSAD-GP-SAWANGI
ghatodi2911,YEOTMAL-PUSAD-GP-GHATODI
pandhurna2911,YEOTMAL-PUSAD-GP-PANDHURNA
vasantwadi2911,YEOTMAL-PUSAD-GP-VASANTWADI
ashta2912,YEOTMAL-RELEGAON-GP-ASHTA
menghapur2912,YEOTMAL-RELEGAON-GP-MENGHAPUR
zadgaon2912,YEOTMAL-RELEGAON-GP-ZADGAON
kalamner2912,YEOTMAL-RELEGAON-GP-KALAMNER
dhanora2912,YEOTMAL-RELEGAON-GP-DHANORA
sarati2912,YEOTMAL-RELEGAON-GP-SARATI
nagthana2912,YEOTMAL-RELEGAON-GP-NAGTHANA
sawangi2912,YEOTMAL-RELEGAON-GP-SAWANGI
raveri2912,YEOTMAL-RELEGAON-GP-RAVERI
chikhali2912,YEOTMAL-RELEGAON-GP-CHIKHALI
parsoda2912,YEOTMAL-RELEGAON-GP-PARSODA
chahand2912,YEOTMAL-RELEGAON-GP-CHAHAND
ralegaon2912,YEOTMAL-RELEGAON-GP-RALEGAON
ramtirth2912,YEOTMAL-RELEGAON-GP-RAMTIRTH
waradh2912,YEOTMAL-RELEGAON-GP-WARADH
waldhur2912,YEOTMAL-RELEGAON-GP-WALDHUR
aapti.r2912,YEOTMAL-RELEGAON-GP-AAPTI.R
ridora2912,YEOTMAL-RELEGAON-GP-RIDORA
savaner2912,YEOTMAL-RELEGAON-GP-SAVANER
shirampur2912,YEOTMAL-RELEGAON-GP-SHIRAMPUR
atmurdi2912,YEOTMAL-RELEGAON-GP-ATMURDI
pimpri.durg2912,YEOTMAL-RELEGAON-GP-PIMPRI.DURG
savitri.p2912,YEOTMAL-RELEGAON-GP-SAVITRI.P
khairi2912,YEOTMAL-RELEGAON-GP-KHAIRI
kinhi2912,YEOTMAL-RELEGAON-GP-KINHI
karanji2912,YEOTMAL-RELEGAON-GP-KARANJI
tejani2912,YEOTMAL-RELEGAON-GP-TEJANI
chikhali.v2912,YEOTMAL-RELEGAON-GP-CHIKHALI.V
vanoja2912,YEOTMAL-RELEGAON-GP-VANOJA
watkhed2912,YEOTMAL-RELEGAON-GP-WATKHED
sawarkheda2912,YEOTMAL-RELEGAON-GP-SAWARKHEDA
wadaki2912,YEOTMAL-RELEGAON-GP-WADAKI
jalaka2912,YEOTMAL-RELEGAON-GP-JALAKA
zullar2912,YEOTMAL-RELEGAON-GP-ZULLAR
pimlapur2912,YEOTMAL-RELEGAON-GP-PIMLAPUR
warana2912,YEOTMAL-RELEGAON-GP-WARANA
nidha2912,YEOTMAL-RELEGAON-GP-NIDHA
wathoda2912,YEOTMAL-RELEGAON-GP-WATHODA
aanji2912,YEOTMAL-RELEGAON-GP-AANJI 
takali2912,YEOTMAL-RELEGAON-GP-TAKALI
pimpalgaon2912,YEOTMAL-RELEGAON-GP-PIMPALGAON
loni2912,YEOTMAL-RELEGAON-GP-LONI 
sakhi2912,YEOTMAL-RELEGAON-GP-SAKHI 
bandar2912,YEOTMAL-RELEGAON-GP-BANDAR
bhimsenpur2912,YEOTMAL-RELEGAON-GP-BHIMSENPUR
khemkund2912,YEOTMAL-RELEGAON-GP-KHEMKUND
chondi2912,YEOTMAL-RELEGAON-GP-CHONDI
khairgaon2912,YEOTMAL-RELEGAON-GP-KHAIRGAON
gujari2912,YEOTMAL-RELEGAON-GP-GUJARI
sonurli2912,YEOTMAL-RELEGAON-GP-SONURLI
ekurli2912,YEOTMAL-RELEGAON-GP-EKURLI
dhummak2912,YEOTMAL-RELEGAON-GP-DHUMMAKCHACHORA
mangi2912,YEOTMAL-RELEGAON-GP-MANGI
khadaki2912,YEOTMAL-RELEGAON-GP-KHADAKI
devdhari2912,YEOTMAL-RELEGAON-GP-DEVDHARI
jagjai2912,YEOTMAL-RELEGAON-GP-JAGJAI 
sheli2912,YEOTMAL-RELEGAON-GP-SHELI
karegaon2912,YEOTMAL-RELEGAON-GP-KAREGAON
warha2912,YEOTMAL-RELEGAON-GP-WARHA
bori.ichod2912,YEOTMAL-RELEGAON-GP-BORI.ICHOD
antargaon2912,YEOTMAL-RELEGAON-GP-ANTARGAON
ashtona2912,YEOTMAL-RELEGAON-GP-ASHTONA
bhamb2912,YEOTMAL-RELEGAON-GP-BHAMB
dahegaon2912,YEOTMAL-RELEGAON-GP-DAHEGAON
lohara2912,YEOTMAL-RELEGAON-GP-LOHARA
palaskund2912,YEOTMAL-RELEGAON-GP-PALASKUND
sarai2912,YEOTMAL-RELEGAON-GP-SARAI
pimpalkhuti2912,YEOTMAL-RELEGAON-GP-PIMPALKHUTI
undari2912,YEOTMAL-RELEGAON-GP-UNDARI
wadhona.ba2912,YEOTMAL-RELEGAON-GP-WADHONA.BA
yevati2912,YEOTMAL-RELEGAON-GP-YEVATI
vedashi2912,YEOTMAL-RELEGAON-GP-VEDASHI
zargad2912,YEOTMAL-RELEGAON-GP-ZARGAD
warud2912,YEOTMAL-RELEGAON-GP-WARUD
pophali2913,YEOTMAL-UMARKHED-GP-POPHALI
takali2913,YEOTMAL-UMARKHED-GP-TAKALI
ckikhali2913,YEOTMAL-UMARKHED-GP-CKIKHALI
takali.ban2913,YEOTMAL-UMARKHED-GP-TAKALI.BAN
soit2913,YEOTMAL-UMARKHED-GP-SOIT
bara2913,YEOTMAL-UMARKHED-GP-BARA
bitargao.b2913,YEOTMAL-UMARKHED-GP-BITARGAO.B
baladi2913,YEOTMAL-UMARKHED-GP-BALADI
karkhed2913,YEOTMAL-UMARKHED-GP-KARKHED
gaganmal2913,YEOTMAL-UMARKHED-GP-GAGANMAL
hatala2913,YEOTMAL-UMARKHED-GP-HATALA
bramhangao2913,YEOTMAL-UMARKHED-GP-BRAMHANGAO
bitargao.k2913,YEOTMAL-UMARKHED-GP-BITARGAO.K
churmura2913,YEOTMAL-UMARKHED-GP-CHURMURA
sondabi2913,YEOTMAL-UMARKHED-GP-SONDABI
zadgaon2913,YEOTMAL-UMARKHED-GP-ZADGAON
palasi2913,YEOTMAL-UMARKHED-GP-PALASI
akoli2913,YEOTMAL-UMARKHED-GP-AKOLI 
kharus.b2913,YEOTMAL-UMARKHED-GP-KHARUS.B
januna2913,YEOTMAL-UMARKHED-GP-JANUNA
taroda2913,YEOTMAL-UMARKHED-GP-TARODA
marlegao2913,YEOTMAL-UMARKHED-GP-MARLEGAO
ghamapur2913,YEOTMAL-UMARKHED-GP-GHAMAPUR
amdapur2913,YEOTMAL-UMARKHED-GP-AMDAPUR
pimpari.divat2913,YEOTMAL-UMARKHED-GP-PIMPARI.DIVAT
marsul2913,YEOTMAL-UMARKHED-GP-MARSUL
belkhed2913,YEOTMAL-UMARKHED-GP-BELKHED
korata2913,YEOTMAL-UMARKHED-GP-KORATA
ningnur2913,YEOTMAL-UMARKHED-GP-NINGNUR
narali2913,YEOTMAL-UMARKHED-GP-NARALI
rampur2913,YEOTMAL-UMARKHED-GP-RAMPUR
bhavani2913,YEOTMAL-UMARKHED-GP-BHAVANI 
theradi2913,YEOTMAL-UMARKHED-GP-THERADI
takali.ra2913,YEOTMAL-UMARKHED-GP-TAKALI.RA
devsari2913,YEOTMAL-UMARKHED-GP-DEVSARI
ganjegaon2913,YEOTMAL-UMARKHED-GP-GANJEGAON
chatari2913,YEOTMAL-UMARKHED-GP-CHATARI
kupati2913,YEOTMAL-UMARKHED-GP-KUPATI
chalgani2913,YEOTMAL-UMARKHED-GP-CHALGANI
chhilli.j2913,YEOTMAL-UMARKHED-GP-CHHILLI.J
pimpaldari2913,YEOTMAL-UMARKHED-GP-PIMPALDARI
sukali.jh2913,YEOTMAL-UMARKHED-GP-SUKALI.JH
nagaswadi2913,YEOTMAL-UMARKHED-GP-NAGASWADI
morchandi2913,YEOTMAL-UMARKHED-GP-MORCHANDI
dighadi2913,YEOTMAL-UMARKHED-GP-DIGHADI
bori2913,YEOTMAL-UMARKHED-GP-BORI
unchawadad2913,YEOTMAL-UMARKHED-GP-UNCHAWADAD
bitargaon.kh2913,YEOTMAL-UMARKHED-GP-BITARGAON.KH
murali2913,YEOTMAL-UMARKHED-GP-MURALI
piranji2913,YEOTMAL-UMARKHED-GP-PIRANJI 
diwadi2913,YEOTMAL-UMARKHED-GP-DIWADI 
kharus.bk2913,YEOTMAL-UMARKHED-GP-KHARUS.BK
vidul2913,YEOTMAL-UMARKHED-GP-VIDUL
sakhara2913,YEOTMAL-UMARKHED-GP-SAKHARA
chikhalibha2913,YEOTMAL-UMARKHED-GP-CHIKHALIBHA
kalmula2913,YEOTMAL-UMARKHED-GP-KALMULA
jeoli2913,YEOTMAL-UMARKHED-GP-JEOLI
mankeshwar2913,YEOTMAL-UMARKHED-GP-MANKESHWAR
mulawa2913,YEOTMAL-UMARKHED-GP-MULAWA
ambali2913,YEOTMAL-UMARKHED-GP-AMBALI
met2913,YEOTMAL-UMARKHED-GP-MET
krushnapur2913,YEOTMAL-UMARKHED-GP-KRUSHNAPUR
darati2913,YEOTMAL-UMARKHED-GP-DARATI
dhanora.sa2913,YEOTMAL-UMARKHED-GP-DHANORA.SA
manyali2913,YEOTMAL-UMARKHED-GP-MANYALI
limgaon2913,YEOTMAL-UMARKHED-GP-LIMGAON 
tiwadi2913,YEOTMAL-UMARKHED-GP-TIWADINAGAPURPPARDIB
sukali2913,YEOTMAL-UMARKHED-GP-SUKALI
pimpalgaon2913,YEOTMAL-UMARKHED-GP-PIMPALGAON
parjana2913,YEOTMAL-UMARKHED-GP-PARJANA
dahagaon2913,YEOTMAL-UMARKHED-GP-DAHAGAON
kharus2913,YEOTMAL-UMARKHED-GP-KHARUS (KH) LOHARA KHU
warudbibi2913,YEOTMAL-UMARKHED-GP-WARUDBIBI CHINCHOLI DHA. MANKESHWAR
hardada2913,YEOTMAL-UMARKHED-GP-HARDADA DINDALA KOPARA BU
kopara2913,YEOTMAL-UMARKHED-GP-KOPARA KHU BOTHA DONGARGAON
aheri2914,YEOTMAL-WANI-GP-AHERI
babapur2914,YEOTMAL-WANI-GP-BABAPUR
belora2914,YEOTMAL-WANI-GP-BELORA
bhalar2914,YEOTMAL-WANI-GP-BHALAR
bhandewada2914,YEOTMAL-WANI-GP-BHANDEWADA
borda2914,YEOTMAL-WANI-GP-BORDA
borgao2914,YEOTMAL-WANI-GP-BORGAO
chargaon2914,YEOTMAL-WANI-GP-CHARGAON
wadgaon2914,YEOTMAL-WANI-GP-WADGAON
bori2914,YEOTMAL-WANI-GP-BORI
dhakoli2914,YEOTMAL-WANI-GP-DHAKOLI
nimbala2914,YEOTMAL-WANI-GP-NIMBALA
chikhalgao2914,YEOTMAL-WANI-GP-CHIKHALGAO
chikhli2914,YEOTMAL-WANI-GP-CHIKHLI
chincholi2914,YEOTMAL-WANI-GP-CHINCHOLI
kurli2914,YEOTMAL-WANI-GP-KURLI
chilai2914,YEOTMAL-WANI-GP-CHILAI
takli2914,YEOTMAL-WANI-GP-TAKLI
govari.p2914,YEOTMAL-WANI-GP-GOVARI.P
dahegao2914,YEOTMAL-WANI-GP-DAHEGAO
dorli2914,YEOTMAL-WANI-GP-DORLI
ganeshpur2914,YEOTMAL-WANI-GP-GANESHPUR
ghonsa2914,YEOTMAL-WANI-GP-GHONSA
kawadshi2914,YEOTMAL-WANI-GP-KAWADSHI
kayar2914,YEOTMAL-WANI-GP-KAYAR
khandala2914,YEOTMAL-WANI-GP-KHANDALA
kolarpimpri2914,YEOTMAL-WANI-GP-KOLARPIMPRI
kolgao2914,YEOTMAL-WANI-GP-KOLGAO
sakhara2914,YEOTMAL-WANI-GP-SAKHARA
mungoli2914,YEOTMAL-WANI-GP-MUNGOLI
kona2914,YEOTMAL-WANI-GP-KONA
krushnanpur2914,YEOTMAL-WANI-GP-KRUSHNANPUR
kumbarkhani2914,YEOTMAL-WANI-GP-KUMBARKHANI
kudra2914,YEOTMAL-WANI-GP-KUDRA
kurai2914,YEOTMAL-WANI-GP-KURAI
lalguda2914,YEOTMAL-WANI-GP-LALGUDA
lathi2914,YEOTMAL-WANI-GP-LATHI
majra2914,YEOTMAL-WANI-GP-MAJRA 
rangan2914,YEOTMAL-WANI-GP-RANGAN
bhurki2914,YEOTMAL-WANI-GP-BHURKI
mandar2914,YEOTMAL-WANI-GP-MANDAR
manki2914,YEOTMAL-WANI-GP-MANKI
maregao.k2914,YEOTMAL-WANI-GP-MAREGAO.K
matholi2914,YEOTMAL-WANI-GP-MATHOLI
mendholi2914,YEOTMAL-WANI-GP-MENDHOLI
mohada2914,YEOTMAL-WANI-GP-MOHADA
moharli2914,YEOTMAL-WANI-GP-MOHARLI
murdhoni2914,YEOTMAL-WANI-GP-MURDHONI
naljai2914,YEOTMAL-WANI-GP-NALJAI
nandepera2914,YEOTMAL-WANI-GP-NANDEPERA
naygaob2914,YEOTMAL-WANI-GP-NAYGAO.B
naygaok2914,YEOTMAL-WANI-GP-NAYGAO.K
neradp2914,YEOTMAL-WANI-GP-NERAD.P
nilapur2914,YEOTMAL-WANI-GP-NILAPUR
brahmani2914,YEOTMAL-WANI-GP-BRAHMANI
nimbalaroad2914,YEOTMAL-WANI-GP-NIMBALAROAD
nivil2914,YEOTMAL-WANI-GP-NIVIL
nivli2914,"YEOTMAL-WANI-GP-NIVLI,BESA,KESURLI"
palsoni2914,YEOTMAL-WANI-GP-PALSONI
paramdoh2914,YEOTMAL-WANI-GP-PARAMDOH
chanakha2914,YEOTMAL-WANI-GP-CHANAKHA
kalmana.k2914,YEOTMAL-WANI-GP-KALMANA.K
parsoda2914,YEOTMAL-WANI-GP-PARSODA
mahakalpur2914,YEOTMAL-WANI-GP-MAHAKALPUR
wadjapur2914,YEOTMAL-WANI-GP-WADJAPUR
patalpur2914,YEOTMAL-WANI-GP-PATALPUR
petur2914,YEOTMAL-WANI-GP-PETUR
pimpalgao2914,YEOTMAL-WANI-GP-PIMPALGAO
pimparik2914,YEOTMAL-WANI-GP-PIMPARI(K)
punwat2914,YEOTMAL-WANI-GP-PUNWAT
purad2914,YEOTMAL-WANI-GP-PURAD
puradp2914,YEOTMAL-WANI-GP-PURAD.P
rajur2914,YEOTMAL-WANI-GP-RAJUR
rasa2914,YEOTMAL-WANI-GP-RASA
sakhardara2914,YEOTMAL-WANI-GP-SAKHARDARA
sawangi2914,YEOTMAL-WANI-GP-SAWANGI
shivani2914,YEOTMAL-WANI-GP-SHIVANI
sawangi2914,YEOTMAL-WANI-GP-SAWANGI
sawarla2914,YEOTMAL-WANI-GP-SAWARLA
shelu.k2914,YEOTMAL-WANI-GP-SHELU.K
wadgao.t2914,YEOTMAL-WANI-GP-WADGAO.T
shirpur2914,YEOTMAL-WANI-GP-SHIRPUR
sindola2914,YEOTMAL-WANI-GP-SINDOLA
sonegao2914,YEOTMAL-WANI-GP-SONEGAO
sukhnegao2914,YEOTMAL-WANI-GP-SUKHNEGAO
taroda2914,YEOTMAL-WANI-GP-TARODA
tejapur2914,YEOTMAL-WANI-GP-TEJAPUR
ukni2914,YEOTMAL-WANI-GP-UKNI
umri2914,YEOTMAL-WANI-GP-UMRI
navargaon2914,YEOTMAL-WANI-GP-NAVARGAON
warzadi2914,YEOTMAL-WANI-GP-WARZADI
virkund2914,YEOTMAL-WANI-GP-VIRKUND
waghara2914,YEOTMAL-WANI-GP-WAGHARA
wanjari2914,YEOTMAL-WANI-GP-WANJARI
welabai2914,YEOTMAL-WANI-GP-WELABAI
yenak2914,YEOTMAL-WANI-GP-YENAK
zolanaygao2914,YEOTMAL-WANI-GP-ZOLA NAYGAO
govarik2914,YEOTMAL-WANI-GP-GOVARI.K
mukutban2916,YEOTMAL-ZARIJAMANI-GP-MUKUTBAN
patan2916,YEOTMAL-ZARIJAMANI-GP-PATAN
adegaon2916,YEOTMAL-ZARIJAMANI-GP-ADEGAON
matharjun2916,YEOTMAL-ZARIJAMANI-GP-MATHARJUN
shibla2916,YEOTMAL-ZARIJAMANI-GP-SHIBLA
hiwrabarsa2916,YEOTMAL-ZARIJAMANI-GP-HIWRABARSA
marki.bu2916,YEOTMAL-ZARIJAMANI-GP-MARKI.BU
lingti2916,YEOTMAL-ZARIJAMANI-GP-LINGTI
mangali2916,YEOTMAL-ZARIJAMANI-GP-MANGALI
bopapur2916,YEOTMAL-ZARIJAMANI-GP-BOPAPUR
bhendala2916,YEOTMAL-ZARIJAMANI-GP-BHENDALA
dhanora2916,YEOTMAL-ZARIJAMANI-GP-DHANORA
chikhaldoh2916,YEOTMAL-ZARIJAMANI-GP-CHIKHALDOH
khadki.g2916,YEOTMAL-ZARIJAMANI-GP-KHADKI.G
zari2916,YEOTMAL-ZARIJAMANI-GP-ZARI
adkoli2916,YEOTMAL-ZARIJAMANI-GP-ADKOLI
kharbada2916,YEOTMAL-ZARIJAMANI-GP-KHARBADA
ardhavan2916,YEOTMAL-ZARIJAMANI-GP-ARDHAVAN
satpalli2916,YEOTMAL-ZARIJAMANI-GP-SATPALLI
mandvi2916,YEOTMAL-ZARIJAMANI-GP-MANDVI
karegaon2916,YEOTMAL-ZARIJAMANI-GP-KAREGAON
takali2916,YEOTMAL-ZARIJAMANI-GP-TAKALI
jamani2916,YEOTMAL-ZARIJAMANI-GP-JAMANI
kamalvelli2916,YEOTMAL-ZARIJAMANI-GP-KAMALVELLI
gawara2916,YEOTMAL-ZARIJAMANI-GP-GAWARA
durbha2916,YEOTMAL-ZARIJAMANI-GP-DURBHA
mulgavhan2916,YEOTMAL-ZARIJAMANI-GP-MULGAVHAN
