chendhare0601,RAIGAD-ALIBAG-GP-chendhare
varsoli0601,RAIGAD-ALIBAG-GP-varsoli
khandale0601,RAIGAD-ALIBAG-GP-khandale
wadgaon0601,RAIGAD-I16ALIBAG-GP-wadgaon
veshvi0601,RAIGAD-ALIBAG-GP-veshvi
m.zirad0601,RAIGAD-ALIBAG-GP-m.zirad
mule0601,RAIGAD-ALIBAG-GP-mule
thal0601,RAIGAD-ALIBAG-GP-thal
navgaon0601,RAIGAD-ALIBAG-GP-navgaon
boris0601,RAIGAD-ALIBAG-GP-boris
mapgaon0601,RAIGAD-ALIBAG-GP-mapgaon
kihim0601,RAIGAD-ALIBAG-GP-kihim
satirj0601,RAIGAD-ALIBAG-GP-satirj
aagarsure0601,RAIGAD-ALIBAG-GP-aagarsure
zirad0601,RAIGAD-ALIBAG-GP-zirad
aawas0601,RAIGAD-ALIBAG-GP-aawas
saswane0601,RAIGAD-ALIBAG-GP-saswane
dhokwade0601,RAIGAD-ALIBAG-GP-dhokwade
koproli0601,RAIGAD-ALIBAG-GP-koproli
milakatkhar0601,RAIGAD-ALIBAG-GP-milakatkhar
saral0601,RAIGAD-ALIBAG-GP-saral
ra_dawali0601,RAIGAD-ALIBAG-GP-ra_dawali
revas0601,RAIGAD-ALIBAG-GP-revas
waijali0601,RAIGAD-ALIBAG-GP-waijali
shirawali0601,RAIGAD-ALIBAG-GP-shirawali
mankule0601,RAIGAD-ALIBAG-GP-mankule
narangi0601,RAIGAD-ALIBAG-GP-narangi
chinchwali0601,RAIGAD-ALIBAG-GP-chinchwali
pedhambe0601,RAIGAD-ALIBAG-GP-pedhambe
wagharan0601,RAIGAD-ALIBAG-GP-wagharan
parhur0601,RAIGAD-ALIBAG-GP-parhur
kamare0601,RAIGAD-ALIBAG-GP-kamare
chari0601,RAIGAD-ALIBAG-GP-chari
ku.koldenbhi0601,RAIGAD-ALIBAG-GP-ku.koldenbhi
khidaki0601,RAIGAD-ALIBAG-GP-khidaki
shahapur0601,RAIGAD-ALIBAG-GP-shahapur
pezari0601,RAIGAD-ALIBAG-GP-pezari
aambepur0601,RAIGAD-ALIBAG-GP-aambepur
poynad0601,RAIGAD-ALIBAG-GP-poynad
shahabaj0601,RAIGAD-ALIBAG-GP-shahabaj
shrigaon0601,RAIGAD-ALIBAG-GP-shrigaon
kusumble0601,RAIGAD-ALIBAG-GP-kusumble
kurdus0601,RAIGAD-ALIBAG-GP-kurdus
waghode0601,RAIGAD-ALIBAG-GP-waghode
tadwagale0601,RAIGAD-ALIBAG-GP-tadwagale
kukul0601,RAIGAD-ALIBAG-GP-kukul
belkade0601,RAIGAD-ALIBAG-GP-belkade
dhavar0601,RAIGAD-ALIBAG-GP-dhavar
kavir0601,RAIGAD-ALIBAG-GP-kavir
bamangaon0601,RAIGAD-ALIBAG-GP-bamangaon
sahan0601,RAIGAD-ALIBAG-GP-sahan
khanav0601,RAIGAD-ALIBAG-GP-khanav
beloshi0601,RAIGAD-ALIBAG-GP-beloshi
chinchoti0601,RAIGAD-ALIBAG-GP-chinchoti
borghar0601,RAIGAD-ALIBAG-GP-borghar
ramraj0601,RAIGAD-ALIBAG-GP-ramraj
sudakoli0601,RAIGAD-ALIBAG-GP-sudakoli
ravdanda0601,RAIGAD-ALIBAG-GP-ravdanda
warnde0601,RAIGAD-ALIBAG-GP-warnde
chaul0601,RAIGAD-ALIBAG-GP-chaul
nagoan0601,RAIGAD-ALIBAG-GP-nagoan
aakshi0601,RAIGAD-ALIBAG-GP-aakshi
nehrunagar0612,RAIGAD-ROHA-GP-nehrunagar
mahalunge0612,RAIGAD-ROHA-GP-mahalunge
bhishe0612,RAIGAD-ROHA-GP-bhishe
wawe.potge0612,RAIGAD-ROHA-GP-wawe.potge
yenwahal0612,RAIGAD-ROHA-GP-yenwahal
rot.bu0612,RAIGAD-ROHA-GP-rot.bu
dapoli0612,RAIGAD-ROHA-GP-dapoli
pugaon0612,RAIGAD-ROHA-GP-pugaon
kadsure0612,RAIGAD-ROHA-GP-kadsure
chinchwali.tdiwali0612,RAIGAD-ROHA-GP-chinchwali.tdiwali
pahur0612,RAIGAD-ROHA-GP-pahur
shedsai0612,RAIGAD-ROHA-GP-shedsai
madali.khu0612,RAIGAD-ROHA-GP-madali.khu
pingalsai0612,RAIGAD-ROHA-GP-pingalsai
tlawalit.aashtami0612,RAIGAD-ROHA-GP-tlawalit.aashtami
puhi0612,RAIGAD-ROHA-GP-puhi
dhamnsai0612,RAIGAD-ROHA-GP-dhamnsai
chinchawali.atwane0612,RAIGAD-ROHA-GP-chinchawali.atwane
dhondkhar0612,RAIGAD-ROHA-GP-dhondkhar
warsagaon0612,RAIGAD-ROHA-GP-warsagaon
jamgaon0612,RAIGAD-ROHA-GP-jamgaon
talaghar0612,RAIGAD-ROHA-GP-talaghar
wani0612,RAIGAD-ROHA-GP-wani
pingoda0612,RAIGAD-ROHA-GP-pingoda
palas0612,RAIGAD-ROHA-GP-palas
gove0612,RAIGAD-ROHA-GP-gove
tise0612,RAIGAD-ROHA-GP-tise
malsai0612,RAIGAD-ROHA-GP-malsai
shenwai0612,RAIGAD-ROHA-GP-shenwai
warwatane0612,RAIGAD-ROHA-GP-warwatane
wali0612,RAIGAD-ROHA-GP-wali
kondgaon0612,RAIGAD-ROHA-GP-kondgaon
sanegaon0612,RAIGAD-ROHA-GP-sanegaon
tambdi0612,RAIGAD-ROHA-GP-tambdi
kudli0612,RAIGAD-ROHA-GP-kudli
vashi0612,RAIGAD-ROHA-GP-vashi
sanbhe0612,RAIGAD-ROHA-GP-sanbhe
nhave0612,RAIGAD-ROHA-GP-nhave
wangani0612,RAIGAD-ROHA-GP-wangani
yeral0612,RAIGAD-ROHA-GP-yeral
medha0612,RAIGAD-ROHA-GP-medha
rot.khu0612,RAIGAD-ROHA-GP-rot.khu
sarsoli0612,RAIGAD-ROHA-GP-sarsoli
kolad0612,RAIGAD-ROHA-GP-kolad
nidit.aashtami0612,RAIGAD-ROHA-GP-nidit.aashtami
killa0612,RAIGAD-ROHA-GP-killa
khamb0612,RAIGAD-ROHA-GP-khamb
khaire.khu0612,RAIGAD-ROHA-GP-khaire.khu
patansai0612,RAIGAD-ROHA-GP-patansai
ghosale0612,RAIGAD-ROHA-GP-ghosale
kokban0612,RAIGAD-ROHA-GP-kokban
virjholi0612,RAIGAD-ROHA-GP-virjholi
bhalgaon0612,RAIGAD-ROHA-GP-bhalgaon
chanera0612,RAIGAD-ROHA-GP-chanera
devkhane0612,RAIGAD-ROHA-GP-devkhane
bhatsai0612,RAIGAD-ROHA-GP-bhatsai
aambewadi0612,RAIGAD-ROHA-GP-aambewadi
khargaon0612,RAIGAD-ROHA-GP-khargaon
dhatav0612,RAIGAD-ROHA-GP-dhatav
yenghar0612,RAIGAD-ROHA-GP-yenghar
warse0612,RAIGAD-ROHA-GP-warse
nagothane0612,RAIGAD-ROHA-GP-nagothane
mangaon0605,RAIGAD-MANGAON-GP-mangaon
bamnoli0605,RAIGAD-MANGAON-GP-bamnoli
kharavali0605,RAIGAD-MANGAON-GP-kharavali
saale0605,RAIGAD-MANGAON-GP-saale
surav.tale0605,RAIGAD-MANGAON-GP-surav.tale
varak0605,RAIGAD-MANGAON-GP-varak
dakhane0605,RAIGAD-MANGAON-GP-dakhane
talashet.indapur0605,RAIGAD-MANGAON-GP-talashet.indapur
mutavali.tale0605,RAIGAD-MANGAON-GP-mutavali.tale
potner0605,RAIGAD-MANGAON-GP-potner
bhuvan0605,RAIGAD-MANGAON-GP-bhuvan
lonshi0605,RAIGAD-MANGAON-GP-lonshi
unegaon0605,RAIGAD-MANGAON-GP-unegaon
vadgaon0605,RAIGAD-MANGAON-GP-vadgaon
hodgaon0605,RAIGAD-MANGAON-GP-hodgaon
palasgaon.budruk0605,RAIGAD-MANGAON-GP-palasgaon.budruk
gangavali0605,RAIGAD-MANGAON-GP-gangavali
pansai0605,RAIGAD-MANGAON-GP-pansai
morba0605,RAIGAD-MANGAON-GP-morba
degaon0605,RAIGAD-MANGAON-GP-degaon
dahivali.kond0605,RAIGAD-MANGAON-GP-dahivali.kond
salve0605,RAIGAD-MANGAON-GP-salve
pen.tale0605,RAIGAD-MANGAON-GP-pen.tale
kavilvahal0605,RAIGAD-MANGAON-GP-kavilvahal
talegaon.goregaon0605,RAIGAD-MANGAON-GP-talegaon.goregaon
bhagad0605,RAIGAD-MANGAON-GP-bhagad
kadape0605,RAIGAD-MANGAON-GP-kadape
nijampur0605,RAIGAD-MANGAON-GP-nijampur
purar0605,RAIGAD-MANGAON-GP-purar
nagaon0605,RAIGAD-MANGAON-GP-nagaon
chinchavali0605,RAIGAD-MANGAON-GP-chinchavali
nhave0605,RAIGAD-MANGAON-GP-nhave
manglur0605,RAIGAD-MANGAON-GP-manglur
lonere0605,RAIGAD-MANGAON-GP-lonere
goregaon0605,RAIGAD-MANGAON-GP-goregaon
devali0605,RAIGAD-MANGAON-GP-devali
patnus0605,RAIGAD-MANGAON-GP-patnus
shirsad0605,RAIGAD-MANGAON-GP-shirsad
dahivali.govele0605,RAIGAD-MANGAON-GP-dahivali.govele
kumshet0605,RAIGAD-MANGAON-GP-kumshet
sai0605,RAIGAD-MANGAON-GP-sai
vihule0605,RAIGAD-MANGAON-GP-vihule
harkol0605,RAIGAD-MANGAON-GP-harkol
lakhpale0605,RAIGAD-MANGAON-GP-lakhpale
chandore0605,RAIGAD-MANGAON-GP-chandore
bhale0605,RAIGAD-MANGAON-GP-bhale
jite0605,RAIGAD-MANGAON-GP-jite
shiravali.nijampur0605,RAIGAD-MANGAON-GP-shiravali.nijampur
karambeli0605,RAIGAD-MANGAON-GP-karambeli
vadavali0605,RAIGAD-MANGAON-GP-vadavali
nandvi0605,RAIGAD-MANGAON-GP-nandvi
govele0605,RAIGAD-MANGAON-GP-govele
vanmalikond0605,RAIGAD-MANGAON-GP-vanmalikond
manjarvane0605,RAIGAD-MANGAON-GP-manjarvane
vile0605,RAIGAD-MANGAON-GP-vile
pahel0605,RAIGAD-MANGAON-GP-pahel
ambarle0605,RAIGAD-MANGAON-GP-ambarle
dongroli0605,RAIGAD-MANGAON-GP-dongroli
ratwad0605,RAIGAD-MANGAON-GP-ratwad
wavediwali0605,RAIGAD-MANGAON-GP-wavediwali
nilaj0605,RAIGAD-MANGAON-GP-nilaj
koste.khuda0605,RAIGAD-MANGAON-GP-koste.khuda
kumbhe0605,RAIGAD-MANGAON-GP-kumbhe
panhalghar.khurda0605,RAIGAD-MANGAON-GP-panhalghar.khurda
panhalghar.budruk0605,RAIGAD-MANGAON-GP-panhalghar.budruk
sanaswadi0605,RAIGAD-MANGAON-GP-sanaswadi
warchiwadi0605,RAIGAD-MANGAON-GP-warchiwadi
falani0605,RAIGAD-MANGAON-GP-falani
madhegaon0605,RAIGAD-MANGAON-GP-madhegaon
rawalje0605,RAIGAD-MANGAON-GP-rawalje
saaje0605,RAIGAD-MANGAON-GP-saaje
kakal0605,RAIGAD-MANGAON-GP-kakal
palsap0605,RAIGAD-MANGAON-GP-palsap
tol.khurda0605,RAIGAD-MANGAON-GP-tol.khurda
aapati0603,RAIGAD-KHALAPUR-GP-aapati
childhan0603,RAIGAD-KHALAPUR-GP-childhan
chawani0603,RAIGAD-KHALAPUR-GP-chawani
nandanpada0603,RAIGAD-KHALAPUR-GP-nandanpada
hourale0603,RAIGAD-KHALAPUR-GP-hourale
jambhiwali0603,RAIGAD-KHALAPUR-GP-jambhiwali
wawandal0603,RAIGAD-KHALAPUR-GP-wawandal
nadode0603,RAIGAD-KHALAPUR-GP-nadode
madap0603,RAIGAD-KHALAPUR-GP-madap
narangi0603,RAIGAD-KHALAPUR-GP-narangi
wawoshi0603,RAIGAD-KHALAPUR-GP-wawoshi
shirwali0603,RAIGAD-KHALAPUR-GP-shirwali
khanav0603,RAIGAD-KHALAPUR-GP-khanav
honad0603,RAIGAD-KHALAPUR-GP-honad
gorthan.bu0603,RAIGAD-KHALAPUR-GP-gorthan.bu
beed.khurd0603,RAIGAD-KHALAPUR-GP-beed.khurd
devnhave0603,RAIGAD-KHALAPUR-GP-devnhave
isambe0603,RAIGAD-KHALAPUR-GP-isambe
wadwal0603,RAIGAD-KHALAPUR-GP-wadwal
thanenhave0603,RAIGAD-KHALAPUR-GP-thanenhave
majgaon0603,RAIGAD-KHALAPUR-GP-majgaon
khariwali0603,RAIGAD-KHALAPUR-GP-khariwali
borgaon0603,RAIGAD-KHALAPUR-GP-borgaon
aatkargaon0603,RAIGAD-KHALAPUR-GP-aatkargaon
jamrug0603,RAIGAD-KHALAPUR-GP-jamrug
savroli0603,RAIGAD-KHALAPUR-GP-savroli
mankiwali0603,RAIGAD-KHALAPUR-GP-mankiwali
umbre0603,RAIGAD-KHALAPUR-GP-umbre
warose0603,RAIGAD-KHALAPUR-GP-warose
tambhati0603,RAIGAD-KHALAPUR-GP-tambhati
halkhurdh0603,RAIGAD-KHALAPUR-GP-halkhurdh
nawande0603,RAIGAD-KHALAPUR-GP-nawande
kalote0603,RAIGAD-KHALAPUR-GP-kalote
wawalre0603,RAIGAD-KHALAPUR-GP-wawalre
sajgaon0603,RAIGAD-KHALAPUR-GP-sajgaon
tambhari0603,RAIGAD-KHALAPUR-GP-tambhari
khalapur0603,RAIGAD-KHALAPUR-GP-khalapur
wadgaon0603,RAIGAD-KHALAPUR-GP-wadgaon
chouk0603,RAIGAD-KHALAPUR-GP-chouk
wasambe0603,RAIGAD-KHALAPUR-GP-wasambe
beed.budruk0602,RAIGAD-KARJAT-GP-beed.budruk
vengaon0602,RAIGAD-KARJAT-GP-vengaon
vadap0602,RAIGAD-KARJAT-GP-vadap
neral0602,RAIGAD-KARJAT-GP-neral
varai0602,RAIGAD-KARJAT-GP-varai
tiware0602,RAIGAD-KARJAT-GP-tiware
chinchavali0602,RAIGAD-KARJAT-GP-chinchavali
karjat.panchayat0602,RAIGAD-KARJAT-GP-karjat.panchayat
vavaloli0602,RAIGAD-KARJAT-GP-vavaloli
kirawali0602,RAIGAD-KARJAT-GP-kirawali
palasdari0602,RAIGAD-KARJAT-GP-palasdari
mamdapur0602,RAIGAD-KARJAT-GP-mamdapur
damat.bhadawal0602,RAIGAD-KARJAT-GP-damat.bhadawal
asal0602,RAIGAD-KARJAT-GP-asal
shelu0602,RAIGAD-KARJAT-GP-shelu
pipaloli0602,RAIGAD-KARJAT-GP-pipaloli
dahiwali0602,RAIGAD-KARJAT-GP-dahiwali
kolhare0602,RAIGAD-KARJAT-GP-kolhare
kadav0602,RAIGAD-KARJAT-GP-kadav
nasarapur0602,RAIGAD-KARJAT-GP-nasarapur
borivali0602,RAIGAD-KARJAT-GP-borivali
kashele0602,RAIGAD-KARJAT-GP-kashele
bhaliwadi0602,RAIGAD-KARJAT-GP-bhaliwadi
potal0602,RAIGAD-KARJAT-GP-potal
savale0602,RAIGAD-KARJAT-GP-savale
poshir0602,RAIGAD-KARJAT-GP-poshir
maniwali0602,RAIGAD-KARJAT-GP-maniwali
kalamb0602,RAIGAD-KARJAT-GP-kalamb
salokh0602,RAIGAD-KARJAT-GP-salokh
pashane0602,RAIGAD-KARJAT-GP-pashane
khandape0602,RAIGAD-KARJAT-GP-khandape
vaijanath0602,RAIGAD-KARJAT-GP-vaijanath
humgaon0602,RAIGAD-KARJAT-GP-humgaon
kondiwade0602,RAIGAD-KARJAT-GP-kondiwade
shirase0602,RAIGAD-KARJAT-GP-shirase
mandawane0602,RAIGAD-KARJAT-GP-mandawane
bhivpuri0602,RAIGAD-KARJAT-GP-bhivpuri
savele0602,RAIGAD-KARJAT-GP-savele
gaurakamath0602,RAIGAD-KARJAT-GP-gaurakamath
patharaj0602,RAIGAD-KARJAT-GP-patharaj
olaman0602,RAIGAD-KARJAT-GP-olaman
mograj0602,RAIGAD-KARJAT-GP-mograj
umaroli0602,RAIGAD-KARJAT-GP-umaroli
haliwali0602,RAIGAD-KARJAT-GP-haliwali
mangaon0602,RAIGAD-KARJAT-GP-mangaon
nandagaon0602,RAIGAD-KARJAT-GP-nandagaon
khandas0602,RAIGAD-KARJAT-GP-khandas
tembhare0602,RAIGAD-KARJAT-GP-tembhare
vare0602,RAIGAD-KARJAT-GP-vare
ukarul0602,RAIGAD-KARJAT-GP-ukarul
falsap0606,RAIGAD-MHASALA-GP-falsap
kudgaon0606,RAIGAD-MHASALA-GP-kudgaon
nevrul0606,RAIGAD-MHASALA-GP-nevrul
janbhul0606,RAIGAD-MHASALA-GP-janbhul
ghum0606,RAIGAD-MHASALA-GP-ghum
aadi.khadi0606,RAIGAD-MHASALA-GP-aadi.khadi
rohini0606,RAIGAD-MHASALA-GP-rohini
kanghar0606,RAIGAD-MHASALA-GP-kanghar
kondsure0606,RAIGAD-MHASALA-GP-kondsure
ghonse0606,RAIGAD-MHASALA-GP-ghonse
kalsare0606,RAIGAD-MHASALA-GP-kalsare
lep0606,RAIGAD-MHASALA-GP-lep
toradi0606,RAIGAD-MHASALA-GP-toradi
bhekarekond0606,RAIGAD-MHASALA-GP-bhekarekond
thakroli0606,RAIGAD-MHASALA-GP-thakroli
kolwat0606,RAIGAD-MHASALA-GP-kolwat
nigdi0606,RAIGAD-MHASALA-GP-nigdi
kole0606,RAIGAD-MHASALA-GP-kole
salvinde0606,RAIGAD-MHASALA-GP-salvinde
kelate0606,RAIGAD-MHASALA-GP-kelate
revali0606,RAIGAD-MHASALA-GP-revali
kandalwada0606,RAIGAD-MHASALA-GP-kandalwada
turbandi0606,RAIGAD-MHASALA-GP-turbandi
chikhlap0606,RAIGAD-MHASALA-GP-chikhlap
khargaon.khurd0606,RAIGAD-MHASALA-GP-khargaon.khurd
khargaon0606,RAIGAD-MHASALA-GP-khargaon
devghar0606,RAIGAD-MHASALA-GP-devghar
waral0606,RAIGAD-MHASALA-GP-waral
pangalali0606,RAIGAD-MHASALA-GP-pangalali
gonghar0606,RAIGAD-MHASALA-GP-gonghar
warwathane0606,RAIGAD-MHASALA-GP-warwathane
mandatane0606,RAIGAD-MHASALA-GP-mandatane
sanderi0606,RAIGAD-MHASALA-GP-sanderi
khambgaon0606,RAIGAD-MHASALA-GP-khambgaon
wave0606,RAIGAD-MHASALA-GP-wave
aambet0606,RAIGAD-MHASALA-GP-aambet
kharsai0606,RAIGAD-MHASALA-GP-kharsai
mendadhi0606,RAIGAD-MHASALA-GP-mendadhi
pabhare0606,RAIGAD-MHASALA-GP-pabhare
mhasala0606,RAIGAD-MHASALA-GP-mhasala
telwade0607,RAIGAD-MURUD-GP-telwade
velaste0607,RAIGAD-MURUD-GP-velaste
mandala0607,RAIGAD-MURUD-GP-mandala
talekhar0607,RAIGAD-MURUD-GP-talekhar
wawadungi0607,RAIGAD-MURUD-GP-wawadungi
bhoighar0607,RAIGAD-MURUD-GP-bhoighar
kashid0607,RAIGAD-MURUD-GP-kashid
aagardanda0607,RAIGAD-MURUD-GP-aagardanda
kakalghar0607,RAIGAD-MURUD-GP-kakalghar
yekdara0607,RAIGAD-MURUD-GP-yekdara
salav0607,RAIGAD-MURUD-GP-salav
chordhe0607,RAIGAD-MURUD-GP-chordhe
vihur0607,RAIGAD-MURUD-GP-vihur
savali0607,RAIGAD-MURUD-GP-savali
korlai0607,RAIGAD-MURUD-GP-korlai
shigre0607,RAIGAD-MURUD-GP-shigre
mithekhar0607,RAIGAD-MURUD-GP-mithekhar
kharaamboli0607,RAIGAD-MURUD-GP-kharaamboli
walake0607,RAIGAD-MURUD-GP-walake
mazgaon0607,RAIGAD-MURUD-GP-mazgaon
nandgaon0607,RAIGAD-MURUD-GP-nandgaon
rajpuri0607,RAIGAD-MURUD-GP-rajpuri
borli0607,RAIGAD-MURUD-GP-borli
usaroli0607,RAIGAD-MURUD-GP-usaroli
waghiwali0609,RAIGAD-PANVEL-GP-waghiwali
girwale0609,RAIGAD-PANVEL-GP-girwale
devloli0609,RAIGAD-PANVEL-GP-devloli
kherwadi0609,RAIGAD-PANVEL-GP-kherwadi
morbe0609,RAIGAD-PANVEL-GP-morbe
khnav0609,RAIGAD-PANVEL-GP-khnav
posari0609,RAIGAD-PANVEL-GP-posari
kewale0609,RAIGAD-PANVEL-GP-kewale
pisawe0609,RAIGAD-PANVEL-GP-pisawe
barwahi0609,RAIGAD-PANVEL-GP-barwahi
dighathi0609,RAIGAD-PANVEL-GP-dighathi
koynawale0609,RAIGAD-PANVEL-GP-koynawale
balwali0609,RAIGAD-PANVEL-GP-balwali
bhatan0609,RAIGAD-PANVEL-GP-bhatan
umroli0609,RAIGAD-PANVEL-GP-umroli
aakuli0609,RAIGAD-PANVEL-GP-aakuli
kankuli0609,RAIGAD-PANVEL-GP-kankuli
harigarm0609,RAIGAD-PANVEL-GP-harigarm
karade.khu0609,RAIGAD-PANVEL-GP-karade.khu
walab0609,RAIGAD-PANVEL-GP-walab
pale.bu0609,RAIGAD-PANVEL-GP-pale.bu
chawane0609,RAIGAD-PANVEL-GP-chawane
wakdi0609,RAIGAD-PANVEL-GP-wakdi
tobhe0609,RAIGAD-PANVEL-GP-tobhe
taloja.m0609,RAIGAD-PANVEL-GP-taloja.m
neetalas0609,RAIGAD-PANVEL-GP-neetalas
sawale0609,RAIGAD-PANVEL-GP-sawale
nanoshi0609,RAIGAD-PANVEL-GP-nanoshi
khanawale0609,RAIGAD-PANVEL-GP-khanawale
jhambhiwali0609,RAIGAD-PANVEL-GP-jhambhiwali
shivkar0609,RAIGAD-PANVEL-GP-shivkar
kundewahal0609,RAIGAD-PANVEL-GP-kundewahal
somthane0609,RAIGAD-PANVEL-GP-somthane
kherne0609,RAIGAD-PANVEL-GP-kherne
dhansar0609,RAIGAD-PANVEL-GP-dhansar
ulwa0609,RAIGAD-PANVEL-GP-ulwa
usali0609,RAIGAD-PANVEL-GP-usali
chigrhan0609,RAIGAD-PANVEL-GP-chigrhan
dapoli0609,RAIGAD-PANVEL-GP-dapoli
ghoth0609,RAIGAD-PANVEL-GP-ghoth
tenbhode0609,RAIGAD-PANVEL-GP-tenbhode
kasalkhand0609,RAIGAD-PANVEL-GP-kasalkhand
vardoli0609,RAIGAD-PANVEL-GP-vardoli
tondre0609,RAIGAD-PANVEL-GP-tondre
chikhale0609,RAIGAD-PANVEL-GP-chikhale
poyanje0609,RAIGAD-PANVEL-GP-poyanje
pargaon0609,RAIGAD-PANVEL-GP-pargaon
aadai0609,RAIGAD-PANVEL-GP-aadai
karanjhade0609,RAIGAD-PANVEL-GP-karanjhade
kolkhe0609,RAIGAD-PANVEL-GP-kolkhe
targhar0609,RAIGAD-PANVEL-GP-targhar
palaspe0609,RAIGAD-PANVEL-GP-palaspe
rohinjan0609,RAIGAD-PANVEL-GP-rohinjan
nandgaon0609,RAIGAD-PANVEL-GP-nandgaon
nere0609,RAIGAD-PANVEL-GP-nere
vichumbe0609,RAIGAD-PANVEL-GP-vichumbe
sanguli0609,RAIGAD-PANVEL-GP-sanguli
bhingar0609,RAIGAD-PANVEL-GP-bhingar
waje0609,RAIGAD-PANVEL-GP-waje
shirawali0609,RAIGAD-PANVEL-GP-shirawali
maldunge0609,RAIGAD-PANVEL-GP-maldunge
aasudgaon0609,RAIGAD-PANVEL-GP-aasudgaon
chipale0609,RAIGAD-PANVEL-GP-chipale
wangni.waje0609,RAIGAD-PANVEL-GP-wangni.waje
padghe0609,RAIGAD-PANVEL-GP-padghe
nhave0609,RAIGAD-PANVEL-GP-nhave
shirdhon0609,RAIGAD-PANVEL-GP-shirdhon
wawanje0609,RAIGAD-PANVEL-GP-wawanje
sai0609,RAIGAD-PANVEL-GP-sai
dundare0609,RAIGAD-PANVEL-GP-dundare
karnala0609,RAIGAD-PANVEL-GP-karnala
ovale0609,RAIGAD-PANVEL-GP-ovale
palekhud0609,RAIGAD-PANVEL-GP-palekhud
wahal0609,RAIGAD-PANVEL-GP-wahal
kelawane0609,RAIGAD-PANVEL-GP-kelawane
aapata0609,RAIGAD-PANVEL-GP-aapata
rodpali0609,RAIGAD-PANVEL-GP-rodpali
kharghar0609,RAIGAD-PANVEL-GP-kharghar
ove0609,RAIGAD-PANVEL-GP-ove
navde0609,RAIGAD-PANVEL-GP-navde
wadghar0609,RAIGAD-PANVEL-GP-wadghar
kon0609,RAIGAD-PANVEL-GP-kon
pendhar0609,RAIGAD-PANVEL-GP-pendhar
palidevd0609,RAIGAD-PANVEL-GP-palidevd
kamothe0609,RAIGAD-PANVEL-GP-kamothe
kalunde0609,RAIGAD-PANVEL-GP-kalunde
gavhan0609,RAIGAD-PANVEL-GP-gavhan
gulsunde0609,RAIGAD-PANVEL-GP-gulsunde
taloja.pan0609,RAIGAD-PANVEL-GP-taloja.pan
kalamboli0609,RAIGAD-PANVEL-GP-kalamboli
rabgaon0608,RAIGAD-SUDHAGAD-GP-rabgaon
nagshet0608,RAIGAD-SUDHAGAD-GP-nagshet
chnargaon0608,RAIGAD-SUDHAGAD-GP-chnargaon
gomashi0608,RAIGAD-SUDHAGAD-GP-gomashi
nenwali0608,RAIGAD-SUDHAGAD-GP-nenwali
khanpoli0608,RAIGAD-SUDHAGAD-GP-khanpoli
kalamb0608,RAIGAD-SUDHAGAD-GP-kalamb
tadgaon0608,RAIGAD-SUDHAGAD-GP-tadgaon
kumbharshet0608,RAIGAD-SUDHAGAD-GP-kumbharshet
ghotwade0608,RAIGAD-SUDHAGAD-GP-ghotwade
aaptawane0608,RAIGAD-SUDHAGAD-GP-aaptawane
dahigaon0608,RAIGAD-SUDHAGAD-GP-dahigaon
shiloshi0608,RAIGAD-SUDHAGAD-GP-shiloshi
aatone0608,RAIGAD-SUDHAGAD-GP-aatone
udhar0608,RAIGAD-SUDHAGAD-GP-udhar
nadsur0608,RAIGAD-SUDHAGAD-GP-nadsur
hatond0608,RAIGAD-SUDHAGAD-GP-hatond
bharje0608,RAIGAD-SUDHAGAD-GP-bharje
adulse0608,RAIGAD-SUDHAGAD-GP-adulse
nandgaon0608,RAIGAD-SUDHAGAD-GP-nandgaon
chikhalgaon0608,RAIGAD-SUDHAGAD-GP-chikhalgaon
mahagaon0608,RAIGAD-SUDHAGAD-GP-mahagaon
chive0608,RAIGAD-SUDHAGAD-GP-chive
rasal0608,RAIGAD-SUDHAGAD-GP-rasal
shidheshwar0608,RAIGAD-SUDHAGAD-GP-shidheshwar
khawali0608,RAIGAD-SUDHAGAD-GP-khawali
navghar0608,RAIGAD-SUDHAGAD-GP-navghar
waghoshi0608,RAIGAD-SUDHAGAD-GP-waghoshi
mangaon0608,RAIGAD-SUDHAGAD-GP-mangaon
pachapur0608,RAIGAD-SUDHAGAD-GP-pachapur
tivare0608,RAIGAD-SUDHAGAD-GP-tivare
jambhulpada0608,RAIGAD-SUDHAGAD-GP-jambhulpada
parali0608,RAIGAD-SUDHAGAD-GP-parali
pali0608,RAIGAD-SUDHAGAD-GP-pali
pangloli0611,RAIGAD-POLADPUR-GP-pangloli
paithan0611,RAIGAD-POLADPUR-GP-paithan
thurbhe.khond0611,RAIGAD-POLADPUR-GP-thurbhe.khond
gole.gani0611,RAIGAD-POLADPUR-GP-gole.gani
dhamandivi0611,RAIGAD-POLADPUR-GP-dhamandivi
katetali0611,RAIGAD-POLADPUR-GP-katetali
kudpan0611,RAIGAD-POLADPUR-GP-kudpan
mahalunge0611,RAIGAD-POLADPUR-GP-mahalunge
kotwalkhurd0611,RAIGAD-POLADPUR-GP-kotwalkhurd
mahalgur0611,RAIGAD-POLADPUR-GP-mahalgur
kalwali0611,RAIGAD-POLADPUR-GP-kalwali
parle0611,RAIGAD-POLADPUR-GP-parle
kotawal.bu0611,RAIGAD-POLADPUR-GP-kotawal.bu
bhogaon.khu0611,RAIGAD-POLADPUR-GP-bhogaon.khu
devpur0611,RAIGAD-POLADPUR-GP-devpur
umrath0611,RAIGAD-POLADPUR-GP-umrath
sadwali0611,RAIGAD-POLADPUR-GP-sadwali
parsule0611,RAIGAD-POLADPUR-GP-parsule
turbhe.bu0611,RAIGAD-POLADPUR-GP-turbhe.bu
vazarwadi0611,RAIGAD-POLADPUR-GP-vazarwadi
matwan0611,RAIGAD-POLADPUR-GP-matwan
ombali0611,RAIGAD-POLADPUR-GP-ombali
morgiri0611,RAIGAD-POLADPUR-GP-morgiri
palchil0611,RAIGAD-POLADPUR-GP-palchil
thurbhe.khu0611,RAIGAD-POLADPUR-GP-thurbhe.khu
kondhvi0611,RAIGAD-POLADPUR-GP-kondhvi
aadwale.bu0611,RAIGAD-POLADPUR-GP-aadwale.bu
charai0611,RAIGAD-POLADPUR-GP-charai
devil0611,RAIGAD-POLADPUR-GP-devil
biraj0611,RAIGAD-POLADPUR-GP-biraj
morsade0611,RAIGAD-POLADPUR-GP-morsade
samwad0611,RAIGAD-POLADPUR-GP-samwad
dharwali0611,RAIGAD-POLADPUR-GP-dharwali
kapade.khu0611,RAIGAD-POLADPUR-GP-kapade.khu
borghar0611,RAIGAD-POLADPUR-GP-borghar
borawale0611,RAIGAD-POLADPUR-GP-borawale
givele0611,RAIGAD-POLADPUR-GP-givele
chambhargani0611,RAIGAD-POLADPUR-GP-chambhargani
wakan0611,RAIGAD-POLADPUR-GP-wakan
lohar0611,RAIGAD-POLADPUR-GP-lohar
kapde.bu0611,RAIGAD-POLADPUR-GP-kapde.bu
devli0611,RAIGAD-POLADPUR-GP-devli
poladpur0611,RAIGAD-POLADPUR-GP-poladpur
waral0614,RAIGAD-TALA-GP-waral
medha0614,RAIGAD-TALA-GP-medha
panheli0614,RAIGAD-TALA-GP-panheli
vashi.haveli0614,RAIGAD-TALA-GP-vashi.haveli
maluk0614,RAIGAD-TALA-GP-maluk
falshet.karnala0614,RAIGAD-TALA-GP-falshet.karnala
borghar.haveli0614,RAIGAD-TALA-GP-borghar.haveli
vanaste0614,RAIGAD-TALA-GP-vanaste
vanzloshi0614,RAIGAD-TALA-GP-vanzloshi
rovala0614,RAIGAD-TALA-GP-rovala
pitsai0614,RAIGAD-TALA-GP-pitsai
shenwali0614,RAIGAD-TALA-GP-shenwali
sonsade0614,RAIGAD-TALA-GP-sonsade
talegaon.tale0614,RAIGAD-TALA-GP-talegaon.tale
girne0614,RAIGAD-TALA-GP-girne
bhanang0614,RAIGAD-TALA-GP-bhanang
usar.khu0614,RAIGAD-TALA-GP-usar.khu
padhawan0614,RAIGAD-TALA-GP-padhawan
mazgaon0614,RAIGAD-TALA-GP-mazgaon
kakadshet0614,RAIGAD-TALA-GP-kakadshet
charai.khu0614,RAIGAD-TALA-GP-charai.khu
nigudshet0614,RAIGAD-TALA-GP-nigudshet
rahatad0614,RAIGAD-TALA-GP-rahatad
mahagaon0614,RAIGAD-TALA-GP-mahagaon
mandad0614,RAIGAD-TALA-GP-mandad
tala0614,RAIGAD-TALA-GP-tala
wanzale0613,RAIGAD-SHRIVARDHAN-GP-wanzale
kariwane0613,RAIGAD-SHRIVARDHAN-GP-kariwane
karle0613,RAIGAD-SHRIVARDHAN-GP-karle
meghare0613,RAIGAD-SHRIVARDHAN-GP-meghare
sakharone0613,RAIGAD-SHRIVARDHAN-GP-sakharone
kudali0613,RAIGAD-SHRIVARDHAN-GP-kudali
wakalghar0613,RAIGAD-SHRIVARDHAN-GP-wakalghar
wavet.shiwardhan0613,RAIGAD-SHRIVARDHAN-GP-wavet.shiwardhan
harvit0613,RAIGAD-SHRIVARDHAN-GP-harvit
khujae0613,RAIGAD-SHRIVARDHAN-GP-khujae
ganee0613,RAIGAD-SHRIVARDHAN-GP-ganee
dhanda0613,RAIGAD-SHRIVARDHAN-GP-dhanda
maral0613,RAIGAD-SHRIVARDHAN-GP-maral
dandguri0613,RAIGAD-SHRIVARDHAN-GP-dandguri
kolmandala0613,RAIGAD-SHRIVARDHAN-GP-kolmandala
shekhadi0613,RAIGAD-SHRIVARDHAN-GP-shekhadi
nigadi0613,RAIGAD-SHRIVARDHAN-GP-nigadi
gaulwadi0613,RAIGAD-SHRIVARDHAN-GP-gaulwadi
wadghar0613,RAIGAD-SHRIVARDHAN-GP-wadghar
golghe0613,RAIGAD-SHRIVARDHAN-GP-golghe
sarve0613,RAIGAD-SHRIVARDHAN-GP-sarve
velas0613,RAIGAD-SHRIVARDHAN-GP-velas
hareshwar0613,RAIGAD-SHRIVARDHAN-GP-hareshwar
kalinje0613,RAIGAD-SHRIVARDHAN-GP-kalinje
chikhalp0613,RAIGAD-SHRIVARDHAN-GP-chikhalp
ranwali0613,RAIGAD-SHRIVARDHAN-GP-ranwali
nagloli0613,RAIGAD-SHRIVARDHAN-GP-nagloli
jasawali0613,RAIGAD-SHRIVARDHAN-GP-jasawali
saygaon0613,RAIGAD-SHRIVARDHAN-GP-saygaon
khargaon0613,RAIGAD-SHRIVARDHAN-GP-khargaon
shiste0613,RAIGAD-SHRIVARDHAN-GP-shiste
bhoste0613,RAIGAD-SHRIVARDHAN-GP-bhoste
galsure0613,RAIGAD-SHRIVARDHAN-GP-galsure
aadgaon0613,RAIGAD-SHRIVARDHAN-GP-aadgaon
bagmandala0613,RAIGAD-SHRIVARDHAN-GP-bagmandala
walwati0613,RAIGAD-SHRIVARDHAN-GP-walwati
kudgaon0613,RAIGAD-SHRIVARDHAN-GP-kudgaon
aarathi0613,RAIGAD-SHRIVARDHAN-GP-aarathi
bhuradkhol0613,RAIGAD-SHRIVARDHAN-GP-bhuradkhol
diveaagar0613,RAIGAD-SHRIVARDHAN-GP-diveaagar
wadwali0613,RAIGAD-SHRIVARDHAN-GP-wadwali
dighi0613,RAIGAD-SHRIVARDHAN-GP-dighi
borli.panchtan0613,RAIGAD-SHRIVARDHAN-GP-borli.panchtan
punade0615,RAIGAD-URAN-GP-punade
gharapuri0615,RAIGAD-URAN-GP-gharapuri
ransai0615,RAIGAD-URAN-GP-ransai
panaje0615,RAIGAD-URAN-GP-panaje
pagote0615,RAIGAD-URAN-GP-pagote
hanu.koliwada0615,RAIGAD-URAN-GP-hanu.koliwada
dongri0615,RAIGAD-URAN-GP-dongri
sarde0615,RAIGAD-URAN-GP-sarde
funde0615,RAIGAD-URAN-GP-funde
kalambsure0615,RAIGAD-URAN-GP-kalambsure
karal0615,RAIGAD-URAN-GP-karal
dhutum0615,RAIGAD-URAN-GP-dhutum
mhatawali0615,RAIGAD-URAN-GP-mhatawali
bokadvira0615,RAIGAD-URAN-GP-bokadvira
dighode0615,RAIGAD-URAN-GP-dighode
veshvi0615,RAIGAD-URAN-GP-veshvi
koproli0615,RAIGAD-URAN-GP-koproli
sonari0615,RAIGAD-URAN-GP-sonari
navin.sheve0615,RAIGAD-URAN-GP-navin.sheve
juhi0615,RAIGAD-URAN-GP-juhi
jaskhar0615,RAIGAD-URAN-GP-jaskhar
washeni0615,RAIGAD-URAN-GP-washeni
chirle0615,RAIGAD-URAN-GP-chirle
pirkon0615,RAIGAD-URAN-GP-pirkon
bhendkhal0615,RAIGAD-URAN-GP-bhendkhal
nagaon0615,RAIGAD-URAN-GP-nagaon
koproli.bandpada0615,RAIGAD-URAN-GP-koproli.bandpada
vindhane0615,RAIGAD-URAN-GP-vindhane
chirner0615,RAIGAD-URAN-GP-chirner
aaware0615,RAIGAD-URAN-GP-aaware
jasai0615,RAIGAD-URAN-GP-jasai
navghar0615,RAIGAD-URAN-GP-navghar
kegaon0615,RAIGAD-URAN-GP-kegaon
chanaje0615,RAIGAD-URAN-GP-chanaje
bavale0604,RAIGAD-MAHAD-GP-bavale
pimpalkod0604,RAIGAD-MAHAD-GP-pimpalkod
chapgaon0604,RAIGAD-MAHAD-GP-chapgaon
falkewadi0604,RAIGAD-MAHAD-GP-falkewadi
wasap0604,RAIGAD-MAHAD-GP-wasap
kawalevinhere0604,RAIGAD-MAHAD-GP-kawalevinhere
whagrekond0604,RAIGAD-MAHAD-GP-whagrekond
shingarkond0604,RAIGAD-MAHAD-GP-shingarkond
tethghar0604,RAIGAD-MAHAD-GP-tethghar
warandoli0604,RAIGAD-MAHAD-GP-warandoli
dapoli0604,RAIGAD-MAHAD-GP-dapoli
kachale0604,RAIGAD-MAHAD-GP-kachale
kasabeshivatar0604,RAIGAD-MAHAD-GP-kasabeshivatar
bhomjai0604,RAIGAD-MAHAD-GP-bhomjai
kozar0604,RAIGAD-MAHAD-GP-kozar
kokarenate0604,RAIGAD-MAHAD-GP-kokarenate
nerao0604,RAIGAD-MAHAD-GP-nerao
warangi0604,RAIGAD-MAHAD-GP-warangi
bizghar0604,RAIGAD-MAHAD-GP-bizghar
kumble0604,RAIGAD-MAHAD-GP-kumble
wamne0604,RAIGAD-MAHAD-GP-wamne
punade0604,RAIGAD-MAHAD-GP-punade
wagholi0604,RAIGAD-MAHAD-GP-wagholi
nanadgaon.khu0604,RAIGAD-MAHAD-GP-nanadgaon.khu
pane0604,RAIGAD-MAHAD-GP-pane
ghurupkond0604,RAIGAD-MAHAD-GP-ghurupkond
aadhi0604,RAIGAD-MAHAD-GP-aadhi
shirsawane0604,RAIGAD-MAHAD-GP-shirsawane
tamhane0604,RAIGAD-MAHAD-GP-tamhane
ravtali0604,RAIGAD-MAHAD-GP-ravtali
dahiwad0604,RAIGAD-MAHAD-GP-dahiwad
walang0604,RAIGAD-MAHAD-GP-walang
sawarat0604,RAIGAD-MAHAD-GP-sawarat
rajiwali0604,RAIGAD-MAHAD-GP-rajiwali
sandoshi0604,RAIGAD-MAHAD-GP-sandoshi
pangari0604,RAIGAD-MAHAD-GP-pangari
songhar0604,RAIGAD-MAHAD-GP-songhar
aambeshivtar0604,RAIGAD-MAHAD-GP-aambeshivtar
kumbeshivatar0604,RAIGAD-MAHAD-GP-kumbeshivatar
ranwadi0604,RAIGAD-MAHAD-GP-ranwadi
bheloshi0604,RAIGAD-MAHAD-GP-bheloshi
panderi0604,RAIGAD-MAHAD-GP-panderi
kiye0604,RAIGAD-MAHAD-GP-kiye
manghrun0604,RAIGAD-MAHAD-GP-manghrun
aamshet0604,RAIGAD-MAHAD-GP-aamshet
nandagaon.bu0604,RAIGAD-MAHAD-GP-nandagaon.bu
taliye0604,RAIGAD-MAHAD-GP-taliye
telange0604,RAIGAD-MAHAD-GP-telange
kothere0604,RAIGAD-MAHAD-GP-kothere
kumbharde0604,RAIGAD-MAHAD-GP-kumbharde
khardi0604,RAIGAD-MAHAD-GP-khardi
pipmpalwadi0604,RAIGAD-MAHAD-GP-pipmpalwadi
kodiwate0604,RAIGAD-MAHAD-GP-kodiwate
chandwekhurd0604,RAIGAD-MAHAD-GP-chandwekhurd
natondi0604,RAIGAD-MAHAD-GP-natondi
taloshi0604,RAIGAD-MAHAD-GP-taloshi
barsgaon0604,RAIGAD-MAHAD-GP-barsgaon
aadiste0604,RAIGAD-MAHAD-GP-aadiste
chimbhavemohalha0604,RAIGAD-MAHAD-GP-chimbhavemohalha
aakle0604,RAIGAD-MAHAD-GP-aakle
underi0604,RAIGAD-MAHAD-GP-underi
wadwali0604,RAIGAD-MAHAD-GP-wadwali
warathi0604,RAIGAD-MAHAD-GP-warathi
nagaon0604,RAIGAD-MAHAD-GP-nagaon
sakadi0604,RAIGAD-MAHAD-GP-sakadi
rupwali0604,RAIGAD-MAHAD-GP-rupwali
khutali0604,RAIGAD-MAHAD-GP-khutali
pachad0604,RAIGAD-MAHAD-GP-pachad
shel0604,RAIGAD-MAHAD-GP-shel
shirgaon0604,RAIGAD-MAHAD-GP-shirgaon
kinjlolikhurd0604,RAIGAD-MAHAD-GP-kinjlolikhurd
aambiwali.bu0604,RAIGAD-MAHAD-GP-aambiwali.bu
telangemohalla0604,RAIGAD-MAHAD-GP-telangemohalla
ravdhal0604,RAIGAD-MAHAD-GP-ravdhal
kembhurli0604,RAIGAD-MAHAD-GP-kembhurli
loartudil0604,RAIGAD-MAHAD-GP-loartudil
aachloli0604,RAIGAD-MAHAD-GP-aachloli
walankhurd0604,RAIGAD-MAHAD-GP-walankhurd
nadgaontudil0604,RAIGAD-MAHAD-GP-nadgaontudil
padvi0604,RAIGAD-MAHAD-GP-padvi
nigade0604,RAIGAD-MAHAD-GP-nigade
parmachi0604,RAIGAD-MAHAD-GP-parmachi
kurle0604,RAIGAD-MAHAD-GP-kurle
gothe.bu0604,RAIGAD-MAHAD-GP-gothe.bu
narwan0604,RAIGAD-MAHAD-GP-narwan
mohopre0604,RAIGAD-MAHAD-GP-mohopre
chimbhave0604,RAIGAD-MAHAD-GP-chimbhave
kotunde0604,RAIGAD-MAHAD-GP-kotunde
mumushi0604,RAIGAD-MAHAD-GP-mumushi
dadali0604,RAIGAD-MAHAD-GP-dadali
shirwali0604,RAIGAD-MAHAD-GP-shirwali
koloshe0604,RAIGAD-F100MAHAD-GP-koloshe
dhamne0604,RAIGAD-MAHAD-GP-dhamne
kinjalghar0604,RAIGAD-MAHAD-GP-kinjalghar
ladhawali0604,RAIGAD-MAHAD-GP-ladhawali
waki.bu0604,RAIGAD-MAHAD-GP-waki.bu
chandwe.bu0604,RAIGAD-MAHAD-GP-chandwe.bu
jui0604,RAIGAD-MAHAD-GP-jui
kol0604,RAIGAD-MAHAD-GP-kol
karanjkhol0604,RAIGAD-MAHAD-GP-karanjkhol
nizampur0604,RAIGAD-MAHAD-GP-nizampur
revtale0604,RAIGAD-MAHAD-GP-revtale
veer0604,RAIGAD-MAHAD-GP-veer
tol.bu0604,RAIGAD-MAHAD-GP-tol.bu
kusgaon0604,RAIGAD-MAHAD-GP-kusgaon
faujiaambwade0604,RAIGAD-MAHAD-GP-faujiaambwade
kinjaloli.bu0604,RAIGAD-MAHAD-GP-kinjaloli.bu
mandle0604,RAIGAD-MAHAD-GP-mandle
walanbu0604,RAIGAD-MAHAD-GP-walanbu
kamblebeerwadi0604,RAIGAD-MAHAD-GP-kamblebeerwadi
bhave0604,RAIGAD-MAHAD-GP-bhave
gondhale0604,RAIGAD-MAHAD-GP-gondhale
chambharkhind0604,RAIGAD-MAHAD-GP-chambharkhind
sawane0604,RAIGAD-MAHAD-GP-sawane
aasanpoai0604,RAIGAD-MAHAD-GP-aasanpoai
gandharpale0604,RAIGAD-MAHAD-GP-gandharpale
chochinde0604,RAIGAD-MAHAD-GP-chochinde
kamblemahad0604,RAIGAD-MAHAD-GP-kamblemahad
rajewadi0604,RAIGAD-MAHAD-GP-rajewadi
sav0604,RAIGAD-MAHAD-GP-sav
uppartudil0604,RAIGAD-MAHAD-GP-uppartudil
vinehare0604,RAIGAD-MAHAD-GP-vinehare
karanjadi0604,RAIGAD-MAHAD-GP-karanjadi
jeete0604,RAIGAD-MAHAD-GP-jeete
mohat0604,RAIGAD-MAHAD-GP-mohat
dabhol0604,RAIGAD-MAHAD-GP-dabhol
nate0604,RAIGAD-MAHAD-GP-nate
warandh0604,RAIGAD-MAHAD-GP-warandh
dasgaon0604,RAIGAD-MAHAD-GP-dasgaon
wahur0604,RAIGAD-MAHAD-GP-wahur
kharawali0604,RAIGAD-MAHAD-GP-kharawali
nargaonbeerwadi0604,RAIGAD-MAHAD-GP-nargaonbeerwadi
beerwadi0604,RAIGAD-MAHAD-GP-beerwadi
ambheghar0610,RAIGAD-PEN-GP-ambheghar
ambiwali0610,RAIGAD-PEN-GP-ambiwali
amtem0610,RAIGAD-PEN-GP-amtem
antore0610,RAIGAD-PEN-GP-antore
balawali0610,RAIGAD-PEN-GP-balawali
balawade0610,RAIGAD-PEN-GP-balawade
bense0610,RAIGAD-PEN-GP-bense
bori0610,RAIGAD-PEN-GP-bori
borgoan0610,RAIGAD-PEN-GP-borgoan
borze0610,RAIGAD-PEN-GP-borze
dadar0610,RAIGAD-PEN-GP-dadar
div0610,RAIGAD-PEN-GP-div
dolavi0610,RAIGAD-PEN-GP-dolavi
durshet0610,RAIGAD-PEN-GP-durshet
gagode.bud0610,RAIGAD-PEN-GP-gagode.bud
gagode.khu0610,RAIGAD-PEN-GP-gagode.khu
dushmi0610,RAIGAD-PEN-GP-dushmi
hamarapur0610,RAIGAD-PEN-GP-hamarapur
jawali0610,RAIGAD-PEN-GP-jawali
jite0610,RAIGAD-PEN-GP-jite
johe0610,RAIGAD-PEN-GP-johe
kalawe0610,RAIGAD-PEN-GP-kalawe
kamarly0610,RAIGAD-PEN-GP-kamarly
kandale0610,RAIGAD-PEN-GP-kandale
kane0610,RAIGAD-PEN-GP-kane
karambeli0610,RAIGAD-PEN-GP-karambeli
karaw0610,RAIGAD-PEN-GP-karaw
karoti0610,RAIGAD-PEN-GP-karoti
kasu0610,RAIGAD-PEN-GP-kasu
kharoshi0610,RAIGAD-PEN-GP-kharoshi
kharpale0610,RAIGAD-PEN-GP-kharpale
koleti0610,RAIGAD-PEN-GP-koleti
koper0610,RAIGAD-PEN-GP-koper
koproli0610,RAIGAD-PEN-GP-koproli
kuhire0610,RAIGAD-PEN-GP-kuhire
mm.dongar0610,RAIGAD-PEN-GP-mm.dongar
maleghar0610,RAIGAD-PEN-GP-maleghar
masad0610,RAIGAD-PEN-GP-masad
mundhani0610,RAIGAD-PEN-GP-mundhani
nidhawali0610,RAIGAD-PEN-GP-nidhawali
nigade0610,RAIGAD-PEN-GP-nigade
pabal0610,RAIGAD-PEN-GP-pabal
patnoli0610,RAIGAD-PEN-GP-patnoli
rawe0610,RAIGAD-PEN-GP-rawe
rode0610,RAIGAD-PEN-GP-rode
sapoli0610,RAIGAD-PEN-GP-sapoli
sawarsai0610,RAIGAD-PEN-GP-sawarsai
shedashi0610,RAIGAD-PEN-GP-shedashi
shihu0610,RAIGAD-PEN-GP-shihu
shirki0610,RAIGAD-PEN-GP-shirki
sonkhar0610,RAIGAD-PEN-GP-sonkhar
tarankhop0610,RAIGAD-PEN-GP-tarankhop
umbarde0610,RAIGAD-PEN-GP-umbarde
wadhav0610,RAIGAD-PEN-GP-wadhav
warsai0610,RAIGAD-PEN-GP-warsai
wakrul0610,RAIGAD-PEN-GP-wakrul
warap0610,RAIGAD-PEN-GP-warap
warawane0610,RAIGAD-PEN-GP-warawane
waredi0610,RAIGAD-PEN-GP-waredi
washi0610,RAIGAD-PEN-GP-washi
gadab0610,RAIGAD-PEN-GP-gadab
zotirpada0610,RAIGAD-PEN-GP-zotirpada
wadkhal0610,RAIGAD-PEN-GP-wadkhal
