aane1101,SATARA-KARAHAD-GP-aane1101
abaichiwadi1101,SATARA-KARAHAD-GP-abaichiwadi1101
adarshnagar1101,SATARA-KARAHAD-GP-adarshnagar1101
akaichiwadi1101,SATARA-KARAHAD-GP-akaichiwadi1101
ambavade1101,SATARA-KARAHAD-GP-ambavade1101
andharwadi1101,SATARA-KARAHAD-GP-andharwadi1101
antvadi1101,SATARA-KARAHAD-GP-antvadi1101
arewadi1101,SATARA-KARAHAD-GP-arewadi1101
atake1101,SATARA-KARAHAD-GP-atake1101
babarmachis1101,SATARA-KARAHAD-GP-babarmachis1101
bamanwadi1101,SATARA-KARAHAD-GP-bamanwadi1101
banugadewadi1101,SATARA-KARAHAD-GP-banugadewadi1101
banvadi1101,SATARA-KARAHAD-GP-banvadi1101
belawade.bk1101,SATARA-KARAHAD-GP-belawade.bk1101
beldare1101,SATARA-KARAHAD-GP-beldare1101
belvade.haveli1101,SATARA-KARAHAD-GP-belvade.haveli1101
belwadi1101,SATARA-KARAHAD-GP-belwadi1101
bhambe1101,SATARA-KARAHAD-GP-bhambe1101
bharewadi1101,SATARA-KARAHAD-GP-bharewadi1101
bhavanwadi1101,SATARA-KARAHAD-GP-bhavanwadi1101
bholewadi1101,SATARA-KARAHAD-GP-bholewadi1101
bhosalewadi1101,SATARA-KARAHAD-GP-bhosalewadi1101
bhurbhushi1101,SATARA-KARAHAD-GP-bhurbhushi1101
bhuyachiwadi1101,SATARA-KARAHAD-GP-bhuyachiwadi1101
chachegaon1101,SATARA-KARAHAD-GP-chachegaon1101
charegaon1101,SATARA-KARAHAD-GP-charegaon1101
chikhali1101,SATARA-KARAHAD-GP-chikhali1101
chinchani1101,SATARA-KARAHAD-GP-chinchani1101
chorajwadi1101,SATARA-KARAHAD-GP-chorajwadi1101
chore1101,SATARA-KARAHAD-GP-chore1101
chougulemala1101,SATARA-KARAHAD-GP-chougulemala1101
delewadi1101,SATARA-KARAHAD-GP-delewadi1101
dhanakwadi1101,SATARA-KARAHAD-GP-dhanakwadi1101
dhavarwadi1101,SATARA-KARAHAD-GP-dhavarwadi1101
dhondewadi1101,SATARA-KARAHAD-GP-dhondewadi1101
dushere1101,SATARA-KARAHAD-GP-dushere1101
gaikwadwadi1101,SATARA-KARAHAD-GP-gaikwadwadi1101
gamewadi1101,SATARA-KARAHAD-GP-gamewadi1101
ganeshwadi1101,SATARA-KARAHAD-GP-ganeshwadi1101
gharalwadi1101,SATARA-KARAHAD-GP-gharalwadi1101
gharewadi1101,SATARA-KARAHAD-GP-gharewadi1101
ghogaon1101,SATARA-KARAHAD-GP-ghogaon1101
gholapwadi1101,SATARA-KARAHAD-GP-gholapwadi1101
ghonashi1101,SATARA-KARAHAD-GP-ghonashi1101
godwadiumbraj1101,SATARA-KARAHAD-GP-godwadiumbraj1101
goleshwar1101,SATARA-KARAHAD-GP-goleshwar1101
gondi1101,SATARA-KARAHAD-GP-gondi1101
gosavewadi1101,SATARA-KARAHAD-GP-gosavewadi1101
gote1101,SATARA-KARAHAD-GP-gote1101
gotewadi1101,SATARA-KARAHAD-GP-gotewadi1101
goware1101,SATARA-KARAHAD-GP-goware1101
hajarmachi1101,SATARA-KARAHAD-GP-hajarmachi1101
hanamantwadi1101,SATARA-KARAHAD-GP-hanamantwadi1101
hanbarwadi1101,SATARA-KARAHAD-GP-hanbarwadi1101
hanumanwadi1101,SATARA-KARAHAD-GP-hanumanwadi1101
harphalwadi1101,SATARA-KARAHAD-GP-harphalwadi1101
havelwadi1101,SATARA-KARAHAD-GP-havelwadi1101
helgaon1101,SATARA-KARAHAD-GP-helgaon1101
hingnole1101,SATARA-KARAHAD-GP-hingnole1101
indoli1101,SATARA-KARAHAD-GP-indoli1101
jakhinwadi1101,SATARA-KARAHAD-GP-jakhinwadi1101
jinti1101,SATARA-KARAHAD-GP-jinti1101
jujarwadi1101,SATARA-KARAHAD-GP-jujarwadi1101
julewadi1101,SATARA-KARAHAD-GP-julewadi1101
kacharewadi1101,SATARA-KARAHAD-GP-kacharewadi1101
kalantrewadi1101,SATARA-KARAHAD-GP-kalantrewadi1101
kalavade1101,SATARA-KARAHAD-GP-kalavade1101
kaletake1101,SATARA-KARAHAD-GP-kaletake1101
kalgaon1101,SATARA-KARAHAD-GP-kalgaon1101
kamathi1101,SATARA-KARAHAD-GP-kamathi1101
kambirwadi1101,SATARA-KARAHAD-GP-kambirwadi1101
kapil1101,SATARA-KARAHAD-GP-kapil1101
karawadi1101,SATARA-KARAHAD-GP-karawadi1101
karve1101,SATARA-KARAHAD-GP-karve1101
kasabe.kale1101,SATARA-KARAHAD-GP-kasabe.kale1101
kasarshirambe1101,SATARA-KARAHAD-GP-kasarshirambe1101
kavathe1101,SATARA-KARAHAD-GP-kavathe1101
kavathe.navin1101,SATARA-KARAHAD-GP-kavathe.navin1101
kese1101,SATARA-KARAHAD-GP-kese1101
khalkarwadi1101,SATARA-KARAHAD-GP-khalkarwadi1101
kharade1101,SATARA-KARAHAD-GP-kharade1101
khodashi1101,SATARA-KARAHAD-GP-khodashi1101
khodjaiwadi1101,SATARA-KARAHAD-GP-khodjaiwadi1101
khubi1101,SATARA-KARAHAD-GP-khubi1101
kirape1101,SATARA-KARAHAD-GP-kirape1101
kival1101,SATARA-KARAHAD-GP-kival1101
kodoli1101,SATARA-KARAHAD-GP-kodoli1101
kole1101,SATARA-KARAHAD-GP-kole1101
kolewadi1101,SATARA-KARAHAD-GP-kolewadi1101
konegaon1101,SATARA-KARAHAD-GP-konegaon1101
koregaon1101,SATARA-KARAHAD-GP-koregaon1101
koriwale1101,SATARA-KARAHAD-GP-koriwale1101
korti1101,SATARA-KARAHAD-GP-korti1101
kusur1101,SATARA-KARAHAD-GP-kusur1101
latakewadi1101,SATARA-KARAHAD-GP-latakewadi1101
loharwadi1101,SATARA-KARAHAD-GP-loharwadi1101
maharugadewadi1101,SATARA-KARAHAD-GP-maharugadewadi1101
malkhed1101,SATARA-KARAHAD-GP-malkhed1101
malwadi1101,SATARA-KARAHAD-GP-malwadi1101
mangwadi1101,SATARA-KARAHAD-GP-mangwadi1101
manu1101,SATARA-KARAHAD-GP-manu1101
marali1101,SATARA-KARAHAD-GP-marali1101
maskarwadi1101,SATARA-KARAHAD-GP-maskarwadi1101
masur1101,SATARA-KARAHAD-GP-masur1101
mervewadi1101,SATARA-KARAHAD-GP-mervewadi1101
mhasoli1101,SATARA-KARAHAD-GP-mhasoli1101
mhopre1101,SATARA-KARAHAD-GP-mhopre1101
munawale1101,SATARA-KARAHAD-GP-munawale1101
mundhe1101,SATARA-KARAHAD-GP-mundhe1101
nadashi1101,SATARA-KARAHAD-GP-nadashi1101
nandalapur1101,SATARA-KARAHAD-GP-nandalapur1101
nandgaon1101,SATARA-KARAHAD-GP-nandgaon1101
narayanwadi1101,SATARA-KARAHAD-GP-narayanwadi1101
nigadi1101,SATARA-KARAHAD-GP-nigadi1101
ond1101,SATARA-KARAHAD-GP-ond1101
ondoshi1101,SATARA-KARAHAD-GP-ondoshi1101
pachputewadi1101,SATARA-KARAHAD-GP-pachputewadi1101
pachund1101,SATARA-KARAHAD-GP-pachund1101
padali.kese1101,SATARA-KARAHAD-GP-padali.kese1101
padli.helgaon1101,SATARA-KARAHAD-GP-padli.helgaon1101
pal1101,SATARA-KARAHAD-GP-pal1101
parle1101,SATARA-KARAHAD-GP-parle1101
pashchimsupane1101,SATARA-KARAHAD-GP-pashchimsupane1101
pawarwadi1101,SATARA-KARAHAD-GP-pawarwadi1101
perle1101,SATARA-KARAHAD-GP-perle1101
pimpari1101,SATARA-KARAHAD-GP-pimpari1101
potale1101,SATARA-KARAHAD-GP-potale1101
rajmachi1101,SATARA-KARAHAD-GP-rajmachi1101
rethare.bk.1101,SATARA-KARAHAD-GP-rethare.bk.1101
rethare.kh.1101,SATARA-KARAHAD-GP-rethare.kh.1101
riswad1101,SATARA-KARAHAD-GP-riswad1101
sabalewadi1101,SATARA-KARAHAD-GP-sabalewadi1101
saidapur1101,SATARA-KARAHAD-GP-saidapur1101
sajur1101,SATARA-KARAHAD-GP-sajur1101
sakurdi1101,SATARA-KARAHAD-GP-sakurdi1101
salshirambe1101,SATARA-KARAHAD-GP-salshirambe1101
sanjaynagar.kale1101,SATARA-KARAHAD-GP-sanjaynagar.kale1101
savade1101,SATARA-KARAHAD-GP-savade1101
savarghar1101,SATARA-KARAHAD-GP-savarghar1101
sayapur1101,SATARA-KARAHAD-GP-sayapur1101
shahapur1101,SATARA-KARAHAD-GP-shahapur1101
shamgaon1101,SATARA-KARAHAD-GP-shamgaon1101
shelakewadi1101,SATARA-KARAHAD-GP-shelakewadi1101
shelakewadi1101,SATARA-KARAHAD-GP-shelakewadi1101
shenoli1101,SATARA-KARAHAD-GP-shenoli1101
shere1101,SATARA-KARAHAD-GP-shere1101
shevalwadi.mhasoli1101,SATARA-KARAHAD-GP-shevalwadi.mhasoli1101
shevalwadi.undale1101,SATARA-KARAHAD-GP-shevalwadi.undale1101
shindewadi.wing1101,SATARA-KARAHAD-GP-shindewadi.wing1101
shinganwadi1101,SATARA-KARAHAD-GP-shinganwadi1101
shirgaon1101,SATARA-KARAHAD-GP-shirgaon1101
shirvade1101,SATARA-KARAHAD-GP-shirvade1101
shitalwadi1101,SATARA-KARAHAD-GP-shitalwadi1101
shivade1101,SATARA-KARAHAD-GP-shivade1101
supane1101,SATARA-KARAHAD-GP-supane1101
surli1101,SATARA-KARAHAD-GP-surli1101
talbid1101,SATARA-KARAHAD-GP-talbid1101
talgaon1101,SATARA-KARAHAD-GP-talgaon1101
tambave1101,SATARA-KARAHAD-GP-tambave1101
tarukh1101,SATARA-KARAHAD-GP-tarukh1101
tasavade1101,SATARA-KARAHAD-GP-tasavade1101
tembhu1101,SATARA-KARAHAD-GP-tembhu1101
tulsan1101,SATARA-KARAHAD-GP-tulsan1101
umbraj1101,SATARA-KARAHAD-GP-umbraj1101
undale1101,SATARA-KARAHAD-GP-undale1101
uttarkoparde1101,SATARA-KARAHAD-GP-uttarkoparde1101
uttartambave1101,SATARA-KARAHAD-GP-uttartambave1101
vadolinileshwar1101,SATARA-KARAHAD-GP-vadolinileshwar1101
vanarwadi1101,SATARA-KARAHAD-GP-vanarwadi1101
vanavasmachi.s.gad1101,SATARA-KARAHAD-GP-vanavasmachi.s.gad1101
vanvasmachi.khodashi1101,SATARA-KARAHAD-GP-vanvasmachi.khodashi1101
varade1101,SATARA-KARAHAD-GP-varade1101
vasantgad1101,SATARA-KARAHAD-GP-vasantgad1101
vasti.sakurdi1101,SATARA-KARAHAD-GP-vasti.sakurdi1101
vijaynagar1101,SATARA-KARAHAD-GP-vijaynagar1101
virvade1101,SATARA-KARAHAD-GP-virvade1101
vitthalwadi1101,SATARA-KARAHAD-GP-vitthalwadi1101
wadgaonhaveli1101,SATARA-KARAHAD-GP-wadgaonhaveli1101
wadgaon.umbraj1101,SATARA-KARAHAD-GP-wadgaon.umbraj1101
wagheri1101,SATARA-KARAHAD-GP-wagheri1101
wagheshwar1101,SATARA-KARAHAD-GP-wagheshwar1101
wahagaon1101,SATARA-KARAHAD-GP-wahagaon1101
wanyachiwadi1101,SATARA-KARAHAD-GP-wanyachiwadi1101
warunji1101,SATARA-KARAHAD-GP-warunji1101
wathar1101,SATARA-KARAHAD-GP-wathar1101
wing1101,SATARA-KARAHAD-GP-wing1101
yadavwadi1101,SATARA-KARAHAD-GP-yadavwadi1101
yelgaon1101,SATARA-KARAHAD-GP-yelgaon1101
yenake1101,SATARA-KARAHAD-GP-yenake1101
yenape1101,SATARA-KARAHAD-GP-yenape1101
yeravale1101,SATARA-KARAHAD-GP-yeravale1101
yeshwantnagar1101,SATARA-KARAHAD-GP-yeshwantnagar1101
yevati1101,SATARA-KARAHAD-GP-yevati1101
vadoli.bhikeshwar1101,SATARA-KARAHAD-GP-vadoli.bhikeshwar1101
koparde.haveli1101,SATARA-KARAHAD-GP-koparde.haveli1101
koyana.vasahat1101,SATARA-KARAHAD-GP-koyana.vasahat1101
nanegaon1101,SATARA-KARAHAD-GP-nanegaon1101
karanjoshi1101,SATARA-KARAHAD-GP-karanjoshi1101
ahire1102,SATARA-KHANDALA-GP-ahire1102
morve1102,SATARA-KHANDALA-GP-morve1102
andori1102,SATARA-KHANDALA-GP-andori1102
karadwadi1102,SATARA-KHANDALA-GP-karadwadi1102
waghoshi1102,SATARA-KHANDALA-GP-waghoshi1102
padegaon1102,SATARA-KHANDALA-GP-padegaon1102
balupatilachiwadi1102,SATARA-KHANDALA-GP-balupatilachiwadi1102
bavda1102,SATARA-KHANDALA-GP-bavda1102
pimpre.bk1102,SATARA-KHANDALA-GP-pimpre.bk1102
bavkalwadi1102,SATARA-KHANDALA-GP-bavkalwadi1102
mariaaichiwadi1102,SATARA-KHANDALA-GP-mariaaichiwadi1102
shivajinagar1102,SATARA-KHANDALA-GP-shivajinagar1102
bhadwade1102,SATARA-KHANDALA-GP-bhadwade1102
bhade1102,SATARA-KHANDALA-GP-bhade1102
bholi1102,SATARA-KHANDALA-GP-bholi1102
shekhmirwadi1102,SATARA-KHANDALA-GP-shekhmirwadi1102
bori1102,SATARA-KHANDALA-GP-bori1102
sukhed1102,SATARA-KHANDALA-GP-sukhed1102
dhawadwadi1102,SATARA-KHANDALA-GP-dhawadwadi1102
ghatdare1102,SATARA-KHANDALA-GP-ghatdare1102
harli1102,SATARA-KHANDALA-GP-harli1102
koparde1102,SATARA-KHANDALA-GP-koparde1102
nimbodi1102,SATARA-KHANDALA-GP-nimbodi1102
khed.bk1102,SATARA-KHANDALA-GP-khed.bk1102
lonand1102,SATARA-KHANDALA-GP-lonand1102
loni1102,SATARA-KHANDALA-GP-loni1102
tondal1102,SATARA-KHANDALA-GP-tondal1102
padli1102,SATARA-KHANDALA-GP-padli1102
wathar.bk1102,SATARA-KHANDALA-GP-wathar.bk1102
shedagewadi1102,SATARA-KHANDALA-GP-shedagewadi1102
golegaon1102,SATARA-KHANDALA-GP-golegaon1102
dapakeghar1102,SATARA-KHANDALA-GP-dapakeghar1102
ajnuj1102,SATARA-KHANDALA-GP-ajnuj1102
ambarwadi1102,SATARA-KHANDALA-GP-ambarwadi1102
aswali1102,SATARA-KHANDALA-GP-aswali1102
atit1102,SATARA-KHANDALA-GP-atit1102
mirje1102,SATARA-KHANDALA-GP-mirje1102
bhatghar1102,SATARA-KHANDALA-GP-bhatghar1102
kanhwadi1102,SATARA-KHANDALA-GP-kanhwadi1102
dhangarwadi1102,SATARA-KHANDALA-GP-dhangarwadi1102
pisalwadi1102,SATARA-KHANDALA-GP-pisalwadi1102
shindewadi1102,SATARA-KHANDALA-GP-shindewadi1102
ghadagewadi1102,SATARA-KHANDALA-GP-ghadagewadi1102
karnwadi1102,SATARA-KHANDALA-GP-karnwadi1102
limbachiwadi1102,SATARA-KHANDALA-GP-limbachiwadi1102
zagalwadi1102,SATARA-KHANDALA-GP-zagalwadi1102
guthalwadi1102,SATARA-KHANDALA-GP-guthalwadi1102
rajewadi1102,SATARA-KHANDALA-GP-rajewadi1102
wing1102,SATARA-KHANDALA-GP-wing1102
jawale1102,SATARA-KHANDALA-GP-jawale1102
kavthe1102,SATARA-KHANDALA-GP-kavthe1102
kanheri1102,SATARA-KHANDALA-GP-kanheri1102
lohom1102,SATARA-KHANDALA-GP-lohom1102
kesurdi1102,SATARA-KHANDALA-GP-kesurdi1102
naigaon1102,SATARA-KHANDALA-GP-naigaon1102
khandala1102,SATARA-KHANDALA-GP-khandala1102
mhavshi1102,SATARA-KHANDALA-GP-mhavshi1102
shirwal1102,SATARA-KHANDALA-GP-shirwal1102
palshi1102,SATARA-KHANDALA-GP-palshi1102
vadgaon1102,SATARA-KHANDALA-GP-vadgaon1102
sangvi1102,SATARA-KHANDALA-GP-sangvi1102
pargaon1102,SATARA-KHANDALA-GP-pargaon1102
vanyahiwadi1102,SATARA-KHANDALA-GP-vanyahiwadi1102
salav1102,SATARA-KHANDALA-GP-salav1102
devghar1102,SATARA-KHANDALA-GP-devghar1102
ambavade1103,SATARA-KHATAV-GP-ambavade1103
ambheri1103,SATARA-KHATAV-GP-ambheri1103
anpatwadi1103,SATARA-KHATAV-GP-anpatwadi1103
anphale1103,SATARA-KHATAV-GP-anphale1103
aundh1103,SATARA-KHATAV-GP-aundh1103
banpuri1103,SATARA-KHATAV-GP-banpuri1103
bhandewadi1103,SATARA-KHATAV-GP-bhandewadi1103
bhosare1103,SATARA-KHATAV-GP-bhosare1103
bhurakavadi1103,SATARA-KHATAV-GP-bhurakavadi1103
bhushangad1103,SATARA-KHATAV-GP-bhushangad1103
bombale1103,SATARA-KHATAV-GP-bombale1103
budh1103,SATARA-KHATAV-GP-budh1103
chinchani1103,SATARA-KHATAV-GP-chinchani1103
chitali1103,SATARA-KHATAV-GP-chitali1103
chorade1103,SATARA-KHATAV-GP-chorade1103
dahiwad1103,SATARA-KHATAV-GP-dahiwad1103
dalmodi1103,SATARA-KHATAV-GP-dalmodi1103
dambhewadi1103,SATARA-KHATAV-GP-dambhewadi1103
darajai1103,SATARA-KHATAV-GP-darajai1103
daruj1103,SATARA-KHATAV-GP-daruj1103
datewadi1103,SATARA-KHATAV-GP-datewadi1103
dhakatwadi1103,SATARA-KHATAV-GP-dhakatwadi1103
dharpudi1103,SATARA-KHATAV-GP-dharpudi1103
dhokalwadi1103,SATARA-KHATAV-GP-dhokalwadi1103
dhondewadi1103,SATARA-KHATAV-GP-dhondewadi1103
diskal1103,SATARA-KHATAV-GP-diskal1103
enkul1103,SATARA-KHATAV-GP-enkul1103
gadewadi1103,SATARA-KHATAV-GP-gadewadi1103
ganeshwadi1103,SATARA-KHATAV-GP-ganeshwadi1103
garalewadi1103,SATARA-KHATAV-GP-garalewadi1103
garavadi1103,SATARA-KHATAV-GP-garavadi1103
garudi1103,SATARA-KHATAV-GP-garudi1103
girijashankarwadi1103,SATARA-KHATAV-GP-girijashankarwadi1103
gopuj1103,SATARA-KHATAV-GP-gopuj1103
goregaon.nim1103,SATARA-KHATAV-GP-goregaon.nim1103
goregaon.wangi1103,SATARA-KHATAV-GP-goregaon.wangi1103
gosavyachiwadi1103,SATARA-KHATAV-GP-gosavyachiwadi1103
gundewadi1103,SATARA-KHATAV-GP-gundewadi1103
gursale1103,SATARA-KHATAV-GP-gursale1103
hingane1103,SATARA-KHATAV-GP-hingane1103
hiwarwadi1103,SATARA-KHATAV-GP-hiwarwadi1103
holichagaon1103,SATARA-KHATAV-GP-holichagaon1103
jaigaon1103,SATARA-KHATAV-GP-jaigaon1103
jakhangaon1103,SATARA-KHATAV-GP-jakhangaon1103
jamb1103,SATARA-KHATAV-GP-jamb1103
kalambi1103,SATARA-KHATAV-GP-kalambi1103
kaledhon1103,SATARA-KHATAV-GP-kaledhon1103
kalewadi1103,SATARA-KHATAV-GP-kalewadi1103
kanasewadi1103,SATARA-KHATAV-GP-kanasewadi1103
kanharwadi1103,SATARA-KHATAV-GP-kanharwadi1103
kankatre1103,SATARA-KHATAV-GP-kankatre1103
karandewadi1103,SATARA-KHATAV-GP-karandewadi1103
katalagewadi1103,SATARA-KHATAV-GP-katalagewadi1103
katarkhatav1103,SATARA-KHATAV-GP-katarkhatav1103
katewadi1103,SATARA-KHATAV-GP-katewadi1103
katgun1103,SATARA-KHATAV-GP-katgun1103
khabalwadi1103,SATARA-KHATAV-GP-khabalwadi1103
kharshinge1103,SATARA-KHATAV-GP-kharshinge1103
khatav1103,SATARA-KHATAV-GP-khatav1103
khatgun1103,SATARA-KHATAV-GP-khatgun1103
khatval1103,SATARA-KHATAV-GP-khatval1103
kokarale1103,SATARA-KHATAV-GP-kokarale1103
kumathe1103,SATARA-KHATAV-GP-kumathe1103
ladegaon1103,SATARA-KHATAV-GP-ladegaon1103
lalgun1103,SATARA-KHATAV-GP-lalgun1103
landewadi1103,SATARA-KHATAV-GP-landewadi1103
loni1103,SATARA-KHATAV-GP-loni1103
lumanekhol1103,SATARA-KHATAV-GP-lumanekhol1103
mandave1103,SATARA-KHATAV-GP-mandave1103
manewadi1103,SATARA-KHATAV-GP-manewadi1103
manjarwadi1103,SATARA-KHATAV-GP-manjarwadi1103
maradwak1103,SATARA-KHATAV-GP-maradwak1103
mayani1103,SATARA-KHATAV-GP-mayani1103
mhasurne1103,SATARA-KHATAV-GP-mhasurne1103
mol1103,SATARA-KHATAV-GP-mol1103
morale1103,SATARA-KHATAV-GP-morale1103
mulikwadi1103,SATARA-KHATAV-GP-mulikwadi1103
musandwadi1103,SATARA-KHATAV-GP-musandwadi1103
nadhaval1103,SATARA-KHATAV-GP-nadhaval1103
nagnathawadi1103,SATARA-KHATAV-GP-nagnathawadi1103
naikachiwadi1103,SATARA-KHATAV-GP-naikachiwadi1103
nandoshi1103,SATARA-KHATAV-GP-nandoshi1103
navalewadi1103,SATARA-KHATAV-GP-navalewadi1103
ner1103,SATARA-KHATAV-GP-ner1103
nidhal1103,SATARA-KHATAV-GP-nidhal1103
nimsod1103,SATARA-KHATAV-GP-nimsod1103
pachwad1103,SATARA-KHATAV-GP-pachwad1103
padal1103,SATARA-KHATAV-GP-padal1103
palasgaon1103,SATARA-KHATAV-GP-palasgaon1103
palashi1103,SATARA-KHATAV-GP-palashi1103
pandharwadi1103,SATARA-KHATAV-GP-pandharwadi1103
pangarkhel1103,SATARA-KHATAV-GP-pangarkhel1103
pargaon1103,SATARA-KHATAV-GP-pargaon1103
pawarwadi1103,SATARA-KHATAV-GP-pawarwadi1103
pedgaon1103,SATARA-KHATAV-GP-pedgaon1103
phadatarwadi1103,SATARA-KHATAV-GP-phadatarwadi1103
phadtarwadi.budh1103,SATARA-KHATAV-GP-phadtarwadi.budh1103
pimpari1103,SATARA-KHATAV-GP-pimpari1103
punawadi1103,SATARA-KHATAV-GP-punawadi1103
pusegaon1103,SATARA-KHATAV-GP-pusegaon1103
pusesavali1103,SATARA-KHATAV-GP-pusesavali1103
rahatani1103,SATARA-KHATAV-GP-rahatani1103
rajache.kurle1103,SATARA-KHATAV-GP-rajache.kurle1103
rajapur1103,SATARA-KHATAV-GP-rajapur1103
ransingwadi1103,SATARA-KHATAV-GP-ransingwadi1103
revalkarwadi1103,SATARA-KHATAV-GP-revalkarwadi1103
rewali1103,SATARA-KHATAV-GP-rewali1103
satewadi1103,SATARA-KHATAV-GP-satewadi1103
shenavadi1103,SATARA-KHATAV-GP-shenavadi1103
shindewadi1103,SATARA-KHATAV-GP-shindewadi1103
shirswadi1103,SATARA-KHATAV-GP-shirswadi1103
sidheshwar1103,SATARA-KHATAV-GP-sidheshwar1103
suryachiwadi1103,SATARA-KHATAV-GP-suryachiwadi1103
tadavale1103,SATARA-KHATAV-GP-tadavale1103
taraswadi1103,SATARA-KHATAV-GP-taraswadi1103
trimali1103,SATARA-KHATAV-GP-trimali1103
umbarde1103,SATARA-KHATAV-GP-umbarde1103
umbarmale1103,SATARA-KHATAV-GP-umbarmale1103
unchithane1103,SATARA-KHATAV-GP-unchithane1103
vadgaon.j.s.1103,SATARA-KHATAV-GP-vadgaon.j.s.1103
vadi1103,SATARA-KHATAV-GP-vadi1103
vaduj1103,SATARA-KHATAV-GP-vaduj1103
vardhangad1103,SATARA-KHATAV-GP-vardhangad1103
varud1103,SATARA-KHATAV-GP-varud1103
vetane1103,SATARA-KHATAV-GP-vetane1103
vikhale1103,SATARA-KHATAV-GP-vikhale1103
visapur1103,SATARA-KHATAV-GP-visapur1103
wakalwadi1103,SATARA-KHATAV-GP-wakalwadi1103
wakeshwar1103,SATARA-KHATAV-GP-wakeshwar1103
wanzoli1103,SATARA-KHATAV-GP-wanzoli1103
yeliv1103,SATARA-KHATAV-GP-yeliv1103
yelmarwadi1103,SATARA-KHATAV-GP-yelmarwadi1103
yeralwadi1103,SATARA-KHATAV-GP-yeralwadi1103
ambawade.s.koregaon1104,SATARA-KOREGAON-GP-ambawade.s.koregaon1104
ambawade.s.wagholi1104,SATARA-KOREGAON-GP-ambawade.s.wagholi1104
ambheri1104,SATARA-KOREGAON-GP-ambheri1104
anbhulewadi1104,SATARA-KOREGAON-GP-anbhulewadi1104
anpatwadi1104,SATARA-KOREGAON-GP-anpatwadi1104
apshinge1104,SATARA-KOREGAON-GP-apshinge1104
arabwadi1104,SATARA-KOREGAON-GP-arabwadi1104
arvi1104,SATARA-KOREGAON-GP-arvi1104
asangaon1104,SATARA-KOREGAON-GP-asangaon1104
asare1104,SATARA-KOREGAON-GP-asare1104
asgaon1104,SATARA-KOREGAON-GP-asgaon1104
azadpur1104,SATARA-KOREGAON-GP-azadpur1104
banawadi1104,SATARA-KOREGAON-GP-banawadi1104
bargewadi1104,SATARA-KOREGAON-GP-bargewadi1104
belewadi1104,SATARA-KOREGAON-GP-belewadi1104
bhadale1104,SATARA-KOREGAON-GP-bhadale1104
bhakarwadi1104,SATARA-KOREGAON-GP-bhakarwadi1104
bhaktvadi1104,SATARA-KOREGAON-GP-bhaktvadi1104
bhandarmachi1104,SATARA-KOREGAON-GP-bhandarmachi1104
bhatamwadi1104,SATARA-KOREGAON-GP-bhatamwadi1104
bhavenagar1104,SATARA-KOREGAON-GP-bhavenagar1104
bhimnagar1104,SATARA-KOREGAON-GP-bhimnagar1104
bhivadi1104,SATARA-KOREGAON-GP-bhivadi1104
bhose1104,SATARA-KOREGAON-GP-bhose1104
bichukale1104,SATARA-KOREGAON-GP-bichukale1104
bobadewadi.nv1104,SATARA-KOREGAON-GP-bobadewadi.nv1104
bodhewadi.chimangaon1104,SATARA-KOREGAON-GP-bodhewadi.chimangaon1104
bodhewadi.bhadale1104,SATARA-KOREGAON-GP-bodhewadi.bhadale1104
borgaon1104,SATARA-KOREGAON-GP-borgaon1104
borjaiwadi1104,SATARA-KOREGAON-GP-borjaiwadi1104
chanchali1104,SATARA-KOREGAON-GP-chanchali1104
chandvadi1104,SATARA-KOREGAON-GP-chandvadi1104
chawaneshwar1104,SATARA-KOREGAON-GP-chawaneshwar1104
chilewadi1104,SATARA-KOREGAON-GP-chilewadi1104
chimangaon1104,SATARA-KOREGAON-GP-chimangaon1104
choragewadi1104,SATARA-KOREGAON-GP-choragewadi1104
choudharwadi1104,SATARA-KOREGAON-GP-choudharwadi1104
dahigaon1104,SATARA-KOREGAON-GP-dahigaon1104
dare1104,SATARA-KOREGAON-GP-dare1104
deur1104,SATARA-KOREGAON-GP-deur1104
dhamner1104,SATARA-KOREGAON-GP-dhamner1104
dhumalwadi1104,SATARA-KOREGAON-GP-dhumalwadi1104
dudhanwadi1104,SATARA-KOREGAON-GP-dudhanwadi1104
dudhi1104,SATARA-KOREGAON-GP-dudhi1104
durgalwadi1104,SATARA-KOREGAON-GP-durgalwadi1104
ekambe1104,SATARA-KOREGAON-GP-ekambe1104
eksal1104,SATARA-KOREGAON-GP-eksal1104
ghadagewadi1104,SATARA-KOREGAON-GP-ghadagewadi1104
ghigewadi1104,SATARA-KOREGAON-GP-ghigewadi1104
godasewadi1104,SATARA-KOREGAON-GP-godasewadi1104
gogavalewadi1104,SATARA-KOREGAON-GP-gogavalewadi1104
golewadi1104,SATARA-KOREGAON-GP-golewadi1104
gujarwadi1104,SATARA-KOREGAON-GP-gujarwadi1104
gujarwadi1104,SATARA-KOREGAON-GP-gujarwadi1104
hasewadi1104,SATARA-KOREGAON-GP-hasewadi1104
hivare1104,SATARA-KOREGAON-GP-hivare1104
holewadi1104,SATARA-KOREGAON-GP-holewadi1104
jadhavwadi1104,SATARA-KOREGAON-GP-jadhavwadi1104
jagtapwasti1104,SATARA-KOREGAON-GP-jagtapwasti1104
jaigaon1104,SATARA-KOREGAON-GP-jaigaon1104
jalgaon1104,SATARA-KOREGAON-GP-jalgaon1104
jamb.b1104,SATARA-KOREGAON-GP-jamb.b1104
jambh.k1104,SATARA-KOREGAON-GP-jambh.k1104
jarewadi1104,SATARA-KOREGAON-GP-jarewadi1104
kaloshi1104,SATARA-KOREGAON-GP-kaloshi1104
kanherkhed1104,SATARA-KOREGAON-GP-kanherkhed1104
karanjkhop1104,SATARA-KOREGAON-GP-karanjkhop1104
kathapur1104,SATARA-KOREGAON-GP-kathapur1104
kawadewadi1104,SATARA-KOREGAON-GP-kawadewadi1104
khadkhadwadi1104,SATARA-KOREGAON-GP-khadkhadwadi1104
khamakarwadi1104,SATARA-KOREGAON-GP-khamakarwadi1104
khed1104,SATARA-KOREGAON-GP-khed1104
khirkhindi1104,SATARA-KOREGAON-GP-khirkhindi1104
kinhai1104,SATARA-KOREGAON-GP-kinhai1104
kiroli1104,SATARA-KOREGAON-GP-kiroli1104
koregaon1104,SATARA-KOREGAON-GP-koregaon1104
kolavadi1104,SATARA-KOREGAON-GP-kolavadi1104
kombadwadi1104,SATARA-KOREGAON-GP-kombadwadi1104
kumathe1104,SATARA-KOREGAON-GP-kumathe1104
lhasurne1104,SATARA-KOREGAON-GP-lhasurne1104
madhwapurwadi1104,SATARA-KOREGAON-GP-madhwapurwadi1104
mangalapur1104,SATARA-KOREGAON-GP-mangalapur1104
mohitewadi1104,SATARA-KOREGAON-GP-mohitewadi1104
morbend1104,SATARA-KOREGAON-GP-morbend1104
mugaon1104,SATARA-KOREGAON-GP-mugaon1104
nagewadi1104,SATARA-KOREGAON-GP-nagewadi1104
nagzari1104,SATARA-KOREGAON-GP-nagzari1104
naigaon1104,SATARA-KOREGAON-GP-naigaon1104
nalavadewadi.t1104,SATARA-KOREGAON-GP-nalavadewadi.t1104
nalwadewadi.b1104,SATARA-KOREGAON-GP-nalwadewadi.b1104
nandval1104,SATARA-KOREGAON-GP-nandval1104
nhalewadi1104,SATARA-KOREGAON-GP-nhalewadi1104
nhavi.b1104,SATARA-KOREGAON-GP-nhavi.b1104
nigadi1104,SATARA-KOREGAON-GP-nigadi1104
padali.station1104,SATARA-KOREGAON-GP-padali.station1104
palashi1104,SATARA-KOREGAON-GP-palashi1104
paratwadi1104,SATARA-KOREGAON-GP-paratwadi1104
pawarwadi1104,SATARA-KOREGAON-GP-pawarwadi1104
peth.kinhai1104,SATARA-KOREGAON-GP-peth.kinhai1104
phadatarwadi1104,SATARA-KOREGAON-GP-phadatarwadi1104
pimpode.b1104,SATARA-KOREGAON-GP-pimpode.b1104
pimpode.k1104,SATARA-KOREGAON-GP-pimpode.k1104
pimpri1104,SATARA-KOREGAON-GP-pimpri1104
ramoshiwadi1104,SATARA-KOREGAON-GP-ramoshiwadi1104
randullabad1104,SATARA-KOREGAON-GP-randullabad1104
rautwadi1104,SATARA-KOREGAON-GP-rautwadi1104
revadi1104,SATARA-KOREGAON-GP-revadi1104
rikibdarwadi1104,SATARA-KOREGAON-GP-rikibdarwadi1104
rui1104,SATARA-KOREGAON-GP-rui1104
saigaon1104,SATARA-KOREGAON-GP-saigaon1104
saigaon.dhamaner1104,SATARA-KOREGAON-GP-saigaon.dhamaner1104
sangavi1104,SATARA-KOREGAON-GP-sangavi1104
sap1104,SATARA-KOREGAON-GP-sap1104
sarkalwadi1104,SATARA-KOREGAON-GP-sarkalwadi1104
sasurve1104,SATARA-KOREGAON-GP-sasurve1104
sathewadi1104,SATARA-KOREGAON-GP-sathewadi1104
shelti1104,SATARA-KOREGAON-GP-shelti1104
shendurjane1104,SATARA-KOREGAON-GP-shendurjane1104
shirdhon1104,SATARA-KOREGAON-GP-shirdhon1104
shirambe1104,SATARA-KOREGAON-GP-shirambe1104
siddharthnagar1104,SATARA-KOREGAON-GP-siddharthnagar1104
solashi1104,SATARA-KOREGAON-GP-solashi1104
sonake1104,SATARA-KOREGAON-GP-sonake1104
sultanwadi1104,SATARA-KOREGAON-GP-sultanwadi1104
surli1104,SATARA-KOREGAON-GP-surli1104
tadavale.s.agholi1104,SATARA-KOREGAON-GP-tadavale.s.agholi1104
tadavale.s.koregaon1104,SATARA-KOREGAON-GP-tadavale.s.koregaon1104
takale1104,SATARA-KOREGAON-GP-takale1104
taliye1104,SATARA-KOREGAON-GP-taliye1104
tambi1104,SATARA-KOREGAON-GP-tambi1104
tandulwadi1104,SATARA-KOREGAON-GP-tandulwadi1104
targaon1104,SATARA-KOREGAON-GP-targaon1104
triputi1104,SATARA-KOREGAON-GP-triputi1104
vadachiwadi1104,SATARA-KOREGAON-GP-vadachiwadi1104
velang.k1104,SATARA-KOREGAON-GP-velang.k1104
velang.s1104,SATARA-KOREGAON-GP-velang.s1104
velu1104,SATARA-KOREGAON-GP-velu1104
vikhale1104,SATARA-KOREGAON-GP-vikhale1104
waghajaiwadi1104,SATARA-KOREGAON-GP-waghajaiwadi1104
wagholi1104,SATARA-KOREGAON-GP-wagholi1104
watharkiroli1104,SATARA-KOREGAON-GP-watharkiroli1104
watharstn1104,SATARA-KOREGAON-GP-watharstn1104
,
,
,
andhali1106,SATARA-MAN-GP-andhali1106
bidal1106,SATARA-MAN-GP-bidal1106
bijawadi1106,SATARA-MAN-GP-bijawadi1106
bodake1106,SATARA-MAN-GP-bodake1106
bothe1106,SATARA-MAN-GP-bothe1106
bhataki1106,SATARA-MAN-GP-bhataki1106
bhalawadi1106,SATARA-MAN-GP-bhalawadi1106
banagarwadi1106,SATARA-MAN-GP-banagarwadi1106
bhandawali1106,SATARA-MAN-GP-bhandawali1106
dahiwadi1106,SATARA-MAN-GP-dahiwadi1106
danawalewadi1106,SATARA-MAN-GP-danawalewadi1106
divad1106,SATARA-MAN-GP-divad1106
divadi1106,SATARA-MAN-GP-divadi1106
didawaghawadi1106,SATARA-MAN-GP-didawaghawadi1106
devapur1106,SATARA-MAN-GP-devapur1106
doragewadi1106,SATARA-MAN-GP-doragewadi1106
dangirawadi1106,SATARA-MAN-GP-dangirawadi1106
dhamani1106,SATARA-MAN-GP-dhamani1106
dhakani1106,SATARA-MAN-GP-dhakani1106
dhuldev1106,SATARA-MAN-GP-dhuldev1106
gattewadi1106,SATARA-MAN-GP-gattewadi1106
anbhulewadi1106,SATARA-MAN-GP-anbhulewadi1106
kulakjai1106,SATARA-MAN-GP-kulakjai1106
gondawale.b1106,SATARA-MAN-GP-gondawale.b1106
gondawale.k1106,SATARA-MAN-GP-gondawale.k1106
gangoti1106,SATARA-MAN-GP-gangoti1106
hastanpur1106,SATARA-MAN-GP-hastanpur1106
hawaldarwadi1106,SATARA-MAN-GP-hawaldarwadi1106
hingani1106,SATARA-MAN-GP-hingani1106
injabav1106,SATARA-MAN-GP-injabav1106
jadhavwadi1106,SATARA-MAN-GP-jadhavwadi1106
jhashi1106,SATARA-MAN-GP-jhashi1106
jambhulani1106,SATARA-MAN-GP-jambhulani1106
waghamodewadi1106,SATARA-MAN-GP-waghamodewadi1106
kasarwadi1106,SATARA-MAN-GP-kasarwadi1106
kalchoundi1106,SATARA-MAN-GP-kalchoundi1106
karkhel1106,SATARA-MAN-GP-karkhel1106
kalewadi1106,SATARA-MAN-GP-kalewadi1106
kiraksal1106,SATARA-MAN-GP-kiraksal1106
kuranewadi1106,SATARA-MAN-GP-kuranewadi1106
kukudwad1106,SATARA-MAN-GP-kukudwad1106
chillarwadi1106,SATARA-MAN-GP-chillarwadi1106
kolewadi1106,SATARA-MAN-GP-kolewadi1106
khadki1106,SATARA-MAN-GP-khadki1106
warugad1106,SATARA-MAN-GP-warugad1106
khutbav1106,SATARA-MAN-GP-khutbav1106
virali1106,SATARA-MAN-GP-virali1106
lodhawade1106,SATARA-MAN-GP-lodhawade1106
mahimangad1106,SATARA-MAN-GP-mahimangad1106
mankarnwadi1106,SATARA-MAN-GP-mankarnwadi1106
mahabaleshwarwadi1106,SATARA-MAN-GP-mahabaleshwarwadi1106
malawadi1106,SATARA-MAN-GP-malawadi1106
mardi1106,SATARA-MAN-GP-mardi1106
mograle1106,SATARA-MAN-GP-mograle1106
mohi1106,SATARA-MAN-GP-mohi1106
narawane1106,SATARA-MAN-GP-narawane1106
palashi1106,SATARA-MAN-GP-palashi1106
parkandi1106,SATARA-MAN-GP-parkandi1106
palsawade1106,SATARA-MAN-GP-palsawade1106
paryanti1106,SATARA-MAN-GP-paryanti1106
pachawad1106,SATARA-MAN-GP-pachawad1106
pangari1106,SATARA-MAN-GP-pangari1106
panvan1106,SATARA-MAN-GP-panvan1106
palvan1106,SATARA-MAN-GP-palvan1106
pandharwadi1106,SATARA-MAN-GP-pandharwadi1106
pipmari1106,SATARA-MAN-GP-pipmari1106
pingali.b1106,SATARA-MAN-GP-pingali.b1106
pingali.k1106,SATARA-MAN-GP-pingali.k1106
pulkoti1106,SATARA-MAN-GP-pulkoti1106
rajawadi1106,SATARA-MAN-GP-rajawadi1106
ranjani1106,SATARA-MAN-GP-ranjani1106
ranand1106,SATARA-MAN-GP-ranand1106
satrewadi1106,SATARA-MAN-GP-satrewadi1106
surupkhanwadi1106,SATARA-MAN-GP-surupkhanwadi1106
sokasan1106,SATARA-MAN-GP-sokasan1106
sambhukhed1106,SATARA-MAN-GP-sambhukhed1106
shirawali1106,SATARA-MAN-GP-shirawali1106
shirtao1106,SATARA-MAN-GP-shirtao1106
shindi.b1106,SATARA-MAN-GP-shindi.b1106
shindi.k1106,SATARA-MAN-GP-shindi.k1106
shinganapur1106,SATARA-MAN-GP-shinganapur1106
shenwadi1106,SATARA-MAN-GP-shenwadi1106
shevari1106,SATARA-MAN-GP-shevari1106
takewadi1106,SATARA-MAN-GP-takewadi1106
tondale1106,SATARA-MAN-GP-tondale1106
thadale1106,SATARA-MAN-GP-thadale1106
yelewadi1106,SATARA-MAN-GP-yelewadi1106
ukirde1106,SATARA-MAN-GP-ukirde1106
var.malawadi1106,SATARA-MAN-GP-var.malawadi1106
var.mhaswad1106,SATARA-MAN-GP-var.mhaswad1106
wadgaon1106,SATARA-MAN-GP-wadgaon1106
valai1106,SATARA-MAN-GP-valai1106
vadajal1106,SATARA-MAN-GP-vadajal1106
pukalewadi1106,SATARA-MAN-GP-pukalewadi1106
wavarhire1106,SATARA-MAN-GP-wavarhire1106
vaki1106,SATARA-MAN-GP-vaki1106
akhade1107,SATARA-MEDHA-GP-akhade1107
alewadi1107,SATARA-MEDHA-GP-alewadi1107
ambeghar.t.medha1107,SATARA-MEDHA-GP-ambeghar.t.medha1107
anewadi1107,SATARA-MEDHA-GP-anewadi1107
apati1107,SATARA-MEDHA-GP-apati1107
bamanoli.t.kudal1107,SATARA-MEDHA-GP-bamanoli.t.kudal1107
bhanang1107,SATARA-MEDHA-GP-bhanang1107
bhogavali.t.kudal1107,SATARA-MEDHA-GP-bhogavali.t.kudal1107
bibhavi1107,SATARA-MEDHA-GP-bibhavi1107
dangareghar1107,SATARA-MEDHA-GP-dangareghar1107
dare.kd.1107,SATARA-MEDHA-GP-dare.kd.1107
ganje1107,SATARA-MEDHA-GP-ganje1107
gavadi1107,SATARA-MEDHA-GP-gavadi1107
hatageghar1107,SATARA-MEDHA-GP-hatageghar1107
humgaon1107,SATARA-MEDHA-GP-humgaon1107
jawalwadi1107,SATARA-MEDHA-GP-jawalwadi1107
karandi.t.kudal1107,SATARA-MEDHA-GP-karandi.t.kudal1107
karandoshi1107,SATARA-MEDHA-GP-karandoshi1107
karanje1107,SATARA-MEDHA-GP-karanje1107
kasbe.bamanoli1107,SATARA-MEDHA-GP-kasbe.bamanoli1107
kedambe1107,SATARA-MEDHA-GP-kedambe1107
kharshi.baramure1107,SATARA-MEDHA-GP-kharshi.baramure1107
kharshi.t.kudal1107,SATARA-MEDHA-GP-kharshi.t.kudal1107
kudal1107,SATARA-MEDHA-GP-kudal1107
kusumbi1107,SATARA-MEDHA-GP-kusumbi1107
mahu1107,SATARA-MEDHA-GP-mahu1107
medha1107,SATARA-MEDHA-GP-medha1107
mhasve1107,SATARA-MEDHA-GP-mhasve1107
mohat1107,SATARA-MEDHA-GP-mohat1107
ozare1107,SATARA-MEDHA-GP-ozare1107
raigaon1107,SATARA-MEDHA-GP-raigaon1107
ruighar1107,SATARA-MEDHA-GP-ruighar1107
saigaon1107,SATARA-MEDHA-GP-saigaon1107
saratale1107,SATARA-MEDHA-GP-saratale1107
sarjapur1107,SATARA-MEDHA-GP-sarjapur1107
somardi1107,SATARA-MEDHA-GP-somardi1107
songaon1107,SATARA-MEDHA-GP-songaon1107
valuth1107,SATARA-MEDHA-GP-valuth1107
viva.t.kudal1107,SATARA-MEDHA-GP-viva.t.kudal1107
agalavewadi1107,SATARA-MEDHA-GP-agalavewadi1107
akhegani1107,SATARA-MEDHA-GP-akhegani1107
ambeghar.t.kudal1107,SATARA-MEDHA-GP-ambeghar.t.kudal1107
andhari.kas1107,SATARA-MEDHA-GP-andhari.kas1107
arde1107,SATARA-MEDHA-GP-arde1107
asani1107,SATARA-MEDHA-GP-asani1107
bahule1107,SATARA-MEDHA-GP-bahule1107
belavade1107,SATARA-MEDHA-GP-belavade1107
beloshi1107,SATARA-MEDHA-GP-beloshi1107
bhaleghar1107,SATARA-MEDHA-GP-bhaleghar1107
bhamghar1107,SATARA-MEDHA-GP-bhamghar1107
bhivadi1107,SATARA-MEDHA-GP-bhivadi1107
bhogavalit1107,SATARA-MEDHA-GP-bhogavalit1107
bhuteghar1107,SATARA-MEDHA-GP-bhuteghar1107
bondarwadi1107,SATARA-MEDHA-GP-bondarwadi1107
chorambe1107,SATARA-MEDHA-GP-chorambe1107
dapavadi1107,SATARA-MEDHA-GP-dapavadi1107
dare.b1107,SATARA-MEDHA-GP-dare.b1107
dhanakavadi1107,SATARA-MEDHA-GP-dhanakavadi1107
dhondewadi1107,SATARA-MEDHA-GP-dhondewadi1107
divdeo1107,SATARA-MEDHA-GP-divdeo1107
duduskarwadi1107,SATARA-MEDHA-GP-duduskarwadi1107
dund1107,SATARA-MEDHA-GP-dund1107
gadhavali1107,SATARA-MEDHA-GP-gadhavali1107
galdev1107,SATARA-MEDHA-GP-galdev1107
ghoteghar1107,SATARA-MEDHA-GP-ghoteghar1107
gondemal1107,SATARA-MEDHA-GP-gondemal1107
indavali.kudal1107,SATARA-MEDHA-GP-indavali.kudal1107
jarewadi1107,SATARA-MEDHA-GP-jarewadi1107
kaloshi1107,SATARA-MEDHA-GP-kaloshi1107
karahar1107,SATARA-MEDHA-GP-karahar1107
karandi.medha1107,SATARA-MEDHA-GP-karandi.medha1107
kargaon1107,SATARA-MEDHA-GP-kargaon1107
katavali1107,SATARA-MEDHA-GP-katavali1107
kavadi1107,SATARA-MEDHA-GP-kavadi1107
kelghar.t.medha1107,SATARA-MEDHA-GP-kelghar.t.medha1107
kelghar.t.solshi1107,SATARA-MEDHA-GP-kelghar.t.solshi1107
kenjal1107,SATARA-MEDHA-GP-kenjal1107
kesakarwadi1107,SATARA-MEDHA-GP-kesakarwadi1107
kolewadi1107,SATARA-MEDHA-GP-kolewadi1107
kolghar1107,SATARA-MEDHA-GP-kolghar1107
kumbhargani1107,SATARA-MEDHA-GP-kumbhargani1107
kuraloshi1107,SATARA-MEDHA-GP-kuraloshi1107
mahamulkarwadi1107,SATARA-MEDHA-GP-mahamulkarwadi1107
mahigaon1107,SATARA-MEDHA-GP-mahigaon1107
malchoundi1107,SATARA-MEDHA-GP-malchoundi1107
mamurdi1107,SATARA-MEDHA-GP-mamurdi1107
maradmure1107,SATARA-MEDHA-GP-maradmure1107
marli1107,SATARA-MEDHA-GP-marli1107
mhate.b1107,SATARA-MEDHA-GP-mhate.b1107
mhate.kd.1107,SATARA-MEDHA-GP-mhate.kd.1107
moravale1107,SATARA-MEDHA-GP-moravale1107
morghar1107,SATARA-MEDHA-GP-morghar1107
mouje.shembadi1107,SATARA-MEDHA-GP-mouje.shembadi1107
mukavali1107,SATARA-MEDHA-GP-mukavali1107
munavale1107,SATARA-MEDHA-GP-munavale1107
nandgane1107,SATARA-MEDHA-GP-nandgane1107
narafdeo1107,SATARA-MEDHA-GP-narafdeo1107
nipani1107,SATARA-MEDHA-GP-nipani1107
nizare1107,SATARA-MEDHA-GP-nizare1107
okhavadi1107,SATARA-MEDHA-GP-okhavadi1107
panas1107,SATARA-MEDHA-GP-panas1107
panasreh1107,SATARA-MEDHA-GP-panasreh1107
pawarwadi1107,SATARA-MEDHA-GP-pawarwadi1107
pimpali1107,SATARA-MEDHA-GP-pimpali1107
pimpari.medha1107,SATARA-MEDHA-GP-pimpari.medha1107
punavadi1107,SATARA-MEDHA-GP-punavadi1107
ramwadi1107,SATARA-MEDHA-GP-ramwadi1107
ranageghar1107,SATARA-MEDHA-GP-ranageghar1107
ranjani1107,SATARA-MEDHA-GP-ranjani1107
rengadi1107,SATARA-MEDHA-GP-rengadi1107
ritkawali1107,SATARA-MEDHA-GP-ritkawali1107
sanapane1107,SATARA-MEDHA-GP-sanapane1107
sangvi.t.medha1107,SATARA-MEDHA-GP-sangvi.t.medha1107
savali1107,SATARA-MEDHA-GP-savali1107
shete1107,SATARA-MEDHA-GP-shete1107
shindewadi1107,SATARA-MEDHA-GP-shindewadi1107
taloshi1107,SATARA-MEDHA-GP-taloshi1107
tetli1107,SATARA-MEDHA-GP-tetli1107
umbariwadi1107,SATARA-MEDHA-GP-umbariwadi1107
vagdare1107,SATARA-MEDHA-GP-vagdare1107
vahagaon1107,SATARA-MEDHA-GP-vahagaon1107
valanjwadi1107,SATARA-MEDHA-GP-valanjwadi1107
varoshi1107,SATARA-MEDHA-GP-varoshi1107
vele1107,SATARA-MEDHA-GP-vele1107
waki1107,SATARA-MEDHA-GP-waki1107
yekiv1107,SATARA-MEDHA-GP-yekiv1107
,
jarewadi1108,SATARA-PATAN-GP-jarewadi1108
havale.wadi1108,SATARA-PATAN-GP-havale.wadi1108
yeradwadi1108,SATARA-PATAN-GP-yeradwadi1108
telewadi1108,SATARA-PATAN-GP-telewadi1108
adulgaon1108,SATARA-PATAN-GP-adulgaon1108
jamdadwadi1108,SATARA-PATAN-GP-jamdadwadi1108
adulpeth1108,SATARA-PATAN-GP-adulpeth1108
digewadi1108,SATARA-PATAN-GP-digewadi1108
mandrulhaveli1108,SATARA-PATAN-GP-mandrulhaveli1108
navasarwadi1108,SATARA-PATAN-GP-navasarwadi1108
nadoli1108,SATARA-PATAN-GP-nadoli1108
koriwale1108,SATARA-PATAN-GP-koriwale1108
naralwadi1108,SATARA-PATAN-GP-naralwadi1108
sangwad1108,SATARA-PATAN-GP-sangwad1108
chougulewadi.sa.108,SATARA-PATAN-GP-chougulewadi.sa.108
garawade1108,SATARA-PATAN-GP-garawade1108
chopadi1108,SATARA-PATAN-GP-chopadi1108
paparde1108,SATARA-PATAN-GP-paparde1108
bahule1108,SATARA-PATAN-GP-bahule1108
nade1108,SATARA-PATAN-GP-nade1108
divashibk1108,SATARA-PATAN-GP-divashibk1108
marulhaveli1108,SATARA-PATAN-GP-marulhaveli1108
malharpeth1108,SATARA-PATAN-GP-malharpeth1108
chopadarwadi1108,SATARA-PATAN-GP-chopadarwadi1108
nahimbe.chirambe1108,SATARA-PATAN-GP-nahimbe.chirambe1108
gamewadi1108,SATARA-PATAN-GP-gamewadi1108
khonoli1108,SATARA-PATAN-GP-khonoli1108
girewadi1108,SATARA-PATAN-GP-girewadi1108
kharadwadi1108,SATARA-PATAN-GP-kharadwadi1108
wirewadi1108,SATARA-PATAN-GP-wirewadi1108
kocharewadi1108,SATARA-PATAN-GP-kocharewadi1108
dhayati1108,SATARA-PATAN-GP-dhayati1108
mathanewadi1108,SATARA-PATAN-GP-mathanewadi1108
shinganwadi1108,SATARA-PATAN-GP-shinganwadi1108
bodakewadi1108,SATARA-PATAN-GP-bodakewadi1108
chavanwadi1108,SATARA-PATAN-GP-chavanwadi1108
shedagewadi1108,SATARA-PATAN-GP-shedagewadi1108
padaloshi1108,SATARA-PATAN-GP-padaloshi1108
keloli1108,SATARA-PATAN-GP-keloli1108
aabdarwadi1108,SATARA-PATAN-GP-aabdarwadi1108
nanegaon.khurd1108,SATARA-PATAN-GP-nanegaon.khurd1108
jadhavwadi1108,SATARA-PATAN-GP-jadhavwadi1108
navadi1108,SATARA-PATAN-GP-navadi1108
nanegaon.bk1108,SATARA-PATAN-GP-nanegaon.bk1108
waghjaiwadi1108,SATARA-PATAN-GP-waghjaiwadi1108
jalgewadi1108,SATARA-PATAN-GP-jalgewadi1108
wetalwadi1108,SATARA-PATAN-GP-wetalwadi1108
dadholi1108,SATARA-PATAN-GP-dadholi1108
nisare1108,SATARA-PATAN-GP-nisare1108
sadawaghapur1108,SATARA-PATAN-GP-sadawaghapur1108
derawan1108,SATARA-PATAN-GP-derawan1108
sonaichiwadi1108,SATARA-PATAN-GP-sonaichiwadi1108
urul1108,SATARA-PATAN-GP-urul1108
majagaon1108,SATARA-PATAN-GP-majagaon1108
thomse1108,SATARA-PATAN-GP-thomse1108
vihe1108,SATARA-PATAN-GP-vihe1108
chafal1108,SATARA-PATAN-GP-chafal1108
dicholi1108,SATARA-PATAN-GP-dicholi1108
gothan1108,SATARA-PATAN-GP-gothan1108
nechal1108,SATARA-PATAN-GP-nechal1108
karate1108,SATARA-PATAN-GP-karate1108
gadkhop1108,SATARA-PATAN-GP-gadkhop1108
nanel1108,SATARA-PATAN-GP-nanel1108
zadoli1108,SATARA-PATAN-GP-zadoli1108
lendhori1108,SATARA-PATAN-GP-lendhori1108
kathi1108,SATARA-PATAN-GP-kathi1108
gavadewadi1108,SATARA-PATAN-GP-gavadewadi1108
shivandeshwar1108,SATARA-PATAN-GP-shivandeshwar1108
vanzole1108,SATARA-PATAN-GP-vanzole1108
goshatwadi1108,SATARA-PATAN-GP-goshatwadi1108
humbarali1108,SATARA-PATAN-GP-humbarali1108
kadoli1108,SATARA-PATAN-GP-kadoli1108
naav1108,SATARA-PATAN-GP-naav1108
kusawade1108,SATARA-PATAN-GP-kusawade1108
mendheghar1108,SATARA-PATAN-GP-mendheghar1108
rasati1108,SATARA-PATAN-GP-rasati1108
govare1108,SATARA-PATAN-GP-govare1108
dhankal1108,SATARA-PATAN-GP-dhankal1108
helawak1108,SATARA-PATAN-GP-helawak1108
gokul.turf.helawak1108,SATARA-PATAN-GP-gokul.turf.helawak1108
marul.turf.patan1108,SATARA-PATAN-GP-marul.turf.patan1108
kamargaon1108,SATARA-PATAN-GP-kamargaon1108
maneri1108,SATARA-PATAN-GP-maneri1108
ghanav1108,SATARA-PATAN-GP-ghanav1108
ghanabi1108,SATARA-PATAN-GP-ghanabi1108
chapholi1108,SATARA-PATAN-GP-chapholi1108
chiteghar1108,SATARA-PATAN-GP-chiteghar1108
divashi.khurd1108,SATARA-PATAN-GP-divashi.khurd1108
khivashi1108,SATARA-PATAN-GP-khivashi1108
nivakane1108,SATARA-PATAN-GP-nivakane1108
aambavane1108,SATARA-PATAN-GP-aambavane1108
vatole1108,SATARA-PATAN-GP-vatole1108
bondri1108,SATARA-PATAN-GP-bondri1108
bharasakhale1108,SATARA-PATAN-GP-bharasakhale1108
karavat1108,SATARA-PATAN-GP-karavat1108
kavadewadi1108,SATARA-PATAN-GP-kavadewadi1108
ker1108,SATARA-PATAN-GP-ker1108
tolewadi1108,SATARA-PATAN-GP-tolewadi1108
lugadewadi1108,SATARA-PATAN-GP-lugadewadi1108
katawadi1108,SATARA-PATAN-GP-katawadi1108
surul1108,SATARA-PATAN-GP-surul1108
pimpaloshi1108,SATARA-PATAN-GP-pimpaloshi1108
manadure1108,SATARA-PATAN-GP-manadure1108
dhadamwadi1108,SATARA-PATAN-GP-dhadamwadi1108
keral1108,SATARA-PATAN-GP-keral1108
yerafale1108,SATARA-PATAN-GP-yerafale1108
mendhoshi1108,SATARA-PATAN-GP-mendhoshi1108
sakhari1108,SATARA-PATAN-GP-sakhari1108
bibi1108,SATARA-PATAN-GP-bibi1108
mhavashi1108,SATARA-PATAN-GP-mhavashi1108
patan1108,SATARA-PATAN-GP-patan1108
mulagaon1108,SATARA-PATAN-GP-mulagaon1108
tripudi1108,SATARA-PATAN-GP-tripudi1108
shiral1108,SATARA-PATAN-GP-shiral1108
yerad1108,SATARA-PATAN-GP-yerad1108
banpethwadi1108,SATARA-PATAN-GP-banpethwadi1108
kawarwadi1108,SATARA-PATAN-GP-kawarwadi1108
kaloli1108,SATARA-PATAN-GP-kaloli1108
tamkade1108,SATARA-PATAN-GP-tamkade1108
kodalpunarvasan1108,SATARA-PATAN-GP-kodalpunarvasan1108
dhajgaon1108,SATARA-PATAN-GP-dhajgaon1108
kalakewadi1108,SATARA-PATAN-GP-kalakewadi1108
dogalewadi1108,SATARA-PATAN-GP-dogalewadi1108
atmarali1108,SATARA-PATAN-GP-atmarali1108
humbarwadi1108,SATARA-PATAN-GP-humbarwadi1108
gavhanwadi1108,SATARA-PATAN-GP-gavhanwadi1108
killemorgiri1108,SATARA-PATAN-GP-killemorgiri1108
kahir1108,SATARA-PATAN-GP-kahir1108
tamine1108,SATARA-PATAN-GP-tamine1108
dawari1108,SATARA-PATAN-GP-dawari1108
palashi1108,SATARA-PATAN-GP-palashi1108
pachgani1108,SATARA-PATAN-GP-pachgani1108
paneri1108,SATARA-PATAN-GP-paneri1108
gokul.turf.patan1108,SATARA-PATAN-GP-gokul.turf.patan1108
wadikotawade1108,SATARA-PATAN-GP-wadikotawade1108
sulewadi1108,SATARA-PATAN-GP-sulewadi1108
dhawade1108,SATARA-PATAN-GP-dhawade1108
aatoli1108,SATARA-PATAN-GP-aatoli1108
pethshivapur1108,SATARA-PATAN-GP-pethshivapur1108
shindewadi1108,SATARA-PATAN-GP-shindewadi1108
aambrag1108,SATARA-PATAN-GP-aambrag1108
aaddev1108,SATARA-PATAN-GP-aaddev1108
morgiri1108,SATARA-PATAN-GP-morgiri1108
kokisare1108,SATARA-PATAN-GP-kokisare1108
aambrule1108,SATARA-PATAN-GP-aambrule1108
sonawade1108,SATARA-PATAN-GP-sonawade1108
belawade.khurd1108,SATARA-PATAN-GP-belawade.khurd1108
kusarund1108,SATARA-PATAN-GP-kusarund1108
natoshi1108,SATARA-PATAN-GP-natoshi1108
marali1108,SATARA-PATAN-GP-marali1108
karale1108,SATARA-PATAN-GP-karale1108
bhilarwadi1108,SATARA-PATAN-GP-bhilarwadi1108
gunjali1108,SATARA-PATAN-GP-gunjali1108
nerale1108,SATARA-PATAN-GP-nerale1108
zakade1108,SATARA-PATAN-GP-zakade1108
aasawalewadi1108,SATARA-PATAN-GP-aasawalewadi1108
dangishtewadi1108,SATARA-PATAN-GP-dangishtewadi1108
bandhvat1108,SATARA-PATAN-GP-bandhvat1108
kushi1108,SATARA-PATAN-GP-kushi1108
bhambe1108,SATARA-PATAN-GP-bhambe1108
pathvade1108,SATARA-PATAN-GP-pathvade1108
sawarghar1108,SATARA-PATAN-GP-sawarghar1108
pabalwadi1108,SATARA-PATAN-GP-pabalwadi1108
nivadepunarvasan1108,SATARA-PATAN-GP-nivadepunarvasan1108
nivade1108,SATARA-PATAN-GP-nivade1108
kalambe1108,SATARA-PATAN-GP-kalambe1108
tondoshi1108,SATARA-PATAN-GP-tondoshi1108
rahude1108,SATARA-PATAN-GP-rahude1108
dusale1108,SATARA-PATAN-GP-dusale1108
aambale1108,SATARA-PATAN-GP-aambale1108
jalav1108,SATARA-PATAN-GP-jalav1108
marloshi1108,SATARA-PATAN-GP-marloshi1108
bhudakewadi1108,SATARA-PATAN-GP-bhudakewadi1108
kadave.khurd1108,SATARA-PATAN-GP-kadave.khurd1108
bambawade1108,SATARA-PATAN-GP-bambawade1108
aawarde1108,SATARA-PATAN-GP-aawarde1108
vekhandwadi1108,SATARA-PATAN-GP-vekhandwadi1108
kozawade1108,SATARA-PATAN-GP-kozawade1108
dhoroshi1108,SATARA-PATAN-GP-dhoroshi1108
maloshi1108,SATARA-PATAN-GP-maloshi1108
murud1108,SATARA-PATAN-GP-murud1108
vazaroshi1108,SATARA-PATAN-GP-vazaroshi1108
kadve.bk1108,SATARA-PATAN-GP-kadve.bk1108
nune1108,SATARA-PATAN-GP-nune1108
ghot1108,SATARA-PATAN-GP-ghot1108
tarale1108,SATARA-PATAN-GP-tarale1108
satar1108,SATARA-PATAN-GP-satar1108
manyachiwadi1108,SATARA-PATAN-GP-manyachiwadi1108
sabalewadi1108,SATARA-PATAN-GP-sabalewadi1108
shitapwadi1108,SATARA-PATAN-GP-shitapwadi1108
nigade1108,SATARA-PATAN-GP-nigade1108
bacholi1108,SATARA-PATAN-GP-bacholi1108
marathwadi1108,SATARA-PATAN-GP-marathwadi1108
nivi1108,SATARA-PATAN-GP-nivi1108
sutarwadi1108,SATARA-PATAN-GP-sutarwadi1108
janugadewadi1108,SATARA-PATAN-GP-janugadewadi1108
ghotil1108,SATARA-PATAN-GP-ghotil1108
matrewadi1108,SATARA-PATAN-GP-matrewadi1108
udavane1108,SATARA-PATAN-GP-udavane1108
aambvade.khurd1108,SATARA-PATAN-GP-aambvade.khurd1108
mandrulkole.khurd1108,SATARA-PATAN-GP-mandrulkole.khurd1108
kolekarwadi1108,SATARA-PATAN-GP-kolekarwadi1108
bhosgaon1108,SATARA-PATAN-GP-bhosgaon1108
dhebewadi1108,SATARA-PATAN-GP-dhebewadi1108
ruwale1108,SATARA-PATAN-GP-ruwale1108
mahind1108,SATARA-PATAN-GP-mahind1108
umarkanchan1108,SATARA-PATAN-GP-umarkanchan1108
jinti1108,SATARA-PATAN-GP-jinti1108
maladan1108,SATARA-PATAN-GP-maladan1108
salave1108,SATARA-PATAN-GP-salave1108
mendh1108,SATARA-PATAN-GP-mendh1108
sanabur1108,SATARA-PATAN-GP-sanabur1108
banpuri1108,SATARA-PATAN-GP-banpuri1108
mandrul.kole1108,SATARA-PATAN-GP-mandrul.kole1108
gudhe1108,SATARA-PATAN-GP-gudhe1108
kasani1108,SATARA-PATAN-GP-kasani1108
pachupatewadi1108,SATARA-PATAN-GP-pachupatewadi1108
rameshtewadi1108,SATARA-PATAN-GP-rameshtewadi1108
shendewadi1108,SATARA-PATAN-GP-shendewadi1108
morewadi1108,SATARA-PATAN-GP-morewadi1108
dakewadi1108,SATARA-PATAN-GP-dakewadi1108
supugadewadi1108,SATARA-PATAN-GP-supugadewadi1108
chavanwadi.dha.1108,SATARA-PATAN-GP-chavanwadi.dha.1108
pawarwadi1108,SATARA-PATAN-GP-pawarwadi1108
saikade1108,SATARA-PATAN-GP-saikade1108
karapewadi1108,SATARA-PATAN-GP-karapewadi1108
chalakewadi1108,SATARA-PATAN-GP-chalakewadi1108
shudrukawadi1108,SATARA-PATAN-GP-shudrukawadi1108
masakarwadi1108,SATARA-PATAN-GP-masakarwadi1108
khale1108,SATARA-PATAN-GP-khale1108
manewadi1108,SATARA-PATAN-GP-manewadi1108
kadane1108,SATARA-PATAN-GP-kadane1108
chougulewadi.ka.1108,SATARA-PATAN-GP-chougulewadi.ka.1108
galamewadi1108,SATARA-PATAN-GP-galamewadi1108
taigadewadi1108,SATARA-PATAN-GP-taigadewadi1108
chikalewadi1108,SATARA-PATAN-GP-chikalewadi1108
kuthare1108,SATARA-PATAN-GP-kuthare1108
vazoli1108,SATARA-PATAN-GP-vazoli1108
dhamani1108,SATARA-PATAN-GP-dhamani1108
kumbhargaon1108,SATARA-PATAN-GP-kumbhargaon1108
kalgaon1108,SATARA-PATAN-GP-kalgaon1108
adarki.b1109,SATARA-PHALTAN-GP-adarki.b1109
adarki.k1109,SATARA-PHALTAN-GP-adarki.k1109
algudewadi1109,SATARA-PHALTAN-GP-algudewadi1109
aljapur1109,SATARA-PHALTAN-GP-aljapur1109
andrud1109,SATARA-PHALTAN-GP-andrud1109
aradgaon1109,SATARA-PHALTAN-GP-aradgaon1109
asu1109,SATARA-PHALTAN-GP-asu1109
barad1109,SATARA-PHALTAN-GP-barad1109
bhadali.b1109,SATARA-PHALTAN-GP-bhadali.b1109
bhadali.k1109,SATARA-PHALTAN-GP-bhadali.k1109
bhilkatti1109,SATARA-PHALTAN-GP-bhilkatti1109
bibi1109,SATARA-PHALTAN-GP-bibi1109
bodkewadi1109,SATARA-PHALTAN-GP-bodkewadi1109
chambharwadi1109,SATARA-PHALTAN-GP-chambharwadi1109
chaudharwadi1109,SATARA-PHALTAN-GP-chaudharwadi1109
chavhanwadi1109,SATARA-PHALTAN-GP-chavhanwadi1109
dalvadi1109,SATARA-PHALTAN-GP-dalvadi1109
darychiwadi1109,SATARA-PHALTAN-GP-darychiwadi1109
dhaval1109,SATARA-PHALTAN-GP-dhaval1109
dhavalewadi.asu.1109,SATARA-PHALTAN-GP-dhavalewadi.asu.1109
dhavalewadi.nimb.1109,SATARA-PHALTAN-GP-dhavalewadi.nimb.1109
dhuldev1109,SATARA-PHALTAN-GP-dhuldev1109
dhumalwadi1109,SATARA-PHALTAN-GP-dhumalwadi1109
dombalwadi1109,SATARA-PHALTAN-GP-dombalwadi1109
dudhebavi1109,SATARA-PHALTAN-GP-dudhebavi1109
fadatarwadi1109,SATARA-PHALTAN-GP-fadatarwadi1109
farandwadi1109,SATARA-PHALTAN-GP-farandwadi1109
ghadgemala1109,SATARA-PHALTAN-GP-ghadgemala1109
ghadgewadi1109,SATARA-PHALTAN-GP-ghadgewadi1109
giravi1109,SATARA-PHALTAN-GP-giravi1109
gokhali1109,SATARA-PHALTAN-GP-gokhali1109
golewadi1109,SATARA-PHALTAN-GP-golewadi1109
gunware1109,SATARA-PHALTAN-GP-gunware1109
hanmantwadi1109,SATARA-PHALTAN-GP-hanmantwadi1109
hingangaon1109,SATARA-PHALTAN-GP-hingangaon1109
hol1109,SATARA-PHALTAN-GP-hol1109
jadhavnagar1109,SATARA-PHALTAN-GP-jadhavnagar1109
jadhavwadi.asu.1109,SATARA-PHALTAN-GP-jadhavwadi.asu.1109
jadhavwadi.phl.1109,SATARA-PHALTAN-GP-jadhavwadi.phl.1109
jaoli1109,SATARA-PHALTAN-GP-jaoli1109
jinti1109,SATARA-PHALTAN-GP-jinti1109
kalaj1109,SATARA-PHALTAN-GP-kalaj1109
kambleshwar1109,SATARA-PHALTAN-GP-kambleshwar1109
kapadgaon1109,SATARA-PHALTAN-GP-kapadgaon1109
kapashi1109,SATARA-PHALTAN-GP-kapashi1109
kashidwadi1109,SATARA-PHALTAN-GP-kashidwadi1109
khadaki1109,SATARA-PHALTAN-GP-khadaki1109
khamgaon1109,SATARA-PHALTAN-GP-khamgaon1109
kharadewadi1109,SATARA-PHALTAN-GP-kharadewadi1109
khatkewasti1109,SATARA-PHALTAN-GP-khatkewasti1109
khunte1109,SATARA-PHALTAN-GP-khunte1109
kolki1109,SATARA-PHALTAN-GP-kolki1109
koregaon1109,SATARA-PHALTAN-GP-koregaon1109
korhale1109,SATARA-PHALTAN-GP-korhale1109
kurvali.bk.1109,SATARA-PHALTAN-GP-kurvali.bk.1109
kurvali.kh.1109,SATARA-PHALTAN-GP-kurvali.kh.1109
kusur1109,SATARA-PHALTAN-GP-kusur1109
malewadi1109,SATARA-PHALTAN-GP-malewadi1109
malvadi1109,SATARA-PHALTAN-GP-malvadi1109
manewadi1109,SATARA-PHALTAN-GP-manewadi1109
mathachiwadi1109,SATARA-PHALTAN-GP-mathachiwadi1109
mazeri1109,SATARA-PHALTAN-GP-mazeri1109
mirdhe1109,SATARA-PHALTAN-GP-mirdhe1109
mirewadi.kusur.1109,SATARA-PHALTAN-GP-mirewadi.kusur.1109
mirgaon1109,SATARA-PHALTAN-GP-mirgaon1109
miryachiwadir.dalwadi.1109,SATARA-PHALTAN-GP-miryachiwadir.dalwadi.1109
mulikwadi1109,SATARA-PHALTAN-GP-mulikwadi1109
munjwadi1109,SATARA-PHALTAN-GP-munjwadi1109
murum1109,SATARA-PHALTAN-GP-murum1109
naik.bomwadi1109,SATARA-PHALTAN-GP-naik.bomwadi1109
nandal1109,SATARA-PHALTAN-GP-nandal1109
nimbhore1109,SATARA-PHALTAN-GP-nimbhore1109
nimblak1109,SATARA-PHALTAN-GP-nimblak1109
nirugudi1109,SATARA-PHALTAN-GP-nirugudi1109
padegaon1109,SATARA-PHALTAN-GP-padegaon1109
parhar.bk.1109,SATARA-PHALTAN-GP-parhar.bk.1109
parhar.kh.1109,SATARA-PHALTAN-GP-parhar.kh.1109
pawarwadi1109,SATARA-PHALTAN-GP-pawarwadi1109
pimparad1109,SATARA-PHALTAN-GP-pimparad1109
pirachiwadi1109,SATARA-PHALTAN-GP-pirachiwadi1109
rajale1109,SATARA-PHALTAN-GP-rajale1109
rajuri1109,SATARA-PHALTAN-GP-rajuri1109
ravadi.bk.1109,SATARA-PHALTAN-GP-ravadi.bk.1109
ravadi.kh.1109,SATARA-PHALTAN-GP-ravadi.kh.1109
sakharwadi1109,SATARA-PHALTAN-GP-sakharwadi1109
salpe1109,SATARA-PHALTAN-GP-salpe1109
sangavi1109,SATARA-PHALTAN-GP-sangavi1109
sarade1109,SATARA-PHALTAN-GP-sarade1109
saskal1109,SATARA-PHALTAN-GP-saskal1109
sastewadi1109,SATARA-PHALTAN-GP-sastewadi1109
saswad1109,SATARA-PHALTAN-GP-saswad1109
sathe1109,SATARA-PHALTAN-GP-sathe1109
sawantwadi1109,SATARA-PHALTAN-GP-sawantwadi1109
sherechiwadi.d1109,SATARA-PHALTAN-GP-sherechiwadi.d1109
sherechiwadi.h1109,SATARA-PHALTAN-GP-sherechiwadi.h1109
shereshindewadi1109,SATARA-PHALTAN-GP-shereshindewadi1109
shindemala1109,SATARA-PHALTAN-GP-shindemala1109
shindenagar1109,SATARA-PHALTAN-GP-shindenagar1109
shindewadi1109,SATARA-PHALTAN-GP-shindewadi1109
somanthali1109,SATARA-PHALTAN-GP-somanthali1109
songaon1109,SATARA-PHALTAN-GP-songaon1109
sonwadib1109,SATARA-PHALTAN-GP-sonwadib1109
sonwadik1109,SATARA-PHALTAN-GP-sonwadik1109
survadi1109,SATARA-PHALTAN-GP-survadi1109
tadavale1109,SATARA-PHALTAN-GP-tadavale1109
takalwade1109,SATARA-PHALTAN-GP-takalwade1109
takubaichiwadi1109,SATARA-PHALTAN-GP-takubaichiwadi1109
tambave1109,SATARA-PHALTAN-GP-tambave1109
taradgaon1109,SATARA-PHALTAN-GP-taradgaon1109
tardaf1109,SATARA-PHALTAN-GP-tardaf1109
tathavada1109,SATARA-PHALTAN-GP-tathavada1109
tavadi1109,SATARA-PHALTAN-GP-tavadi1109
thakurki1109,SATARA-PHALTAN-GP-thakurki1109
tirakwadi1109,SATARA-PHALTAN-GP-tirakwadi1109
ulumb1109,SATARA-PHALTAN-GP-ulumb1109
upalave1109,SATARA-PHALTAN-GP-upalave1109
vadale1109,SATARA-PHALTAN-GP-vadale1109
vadgaon1109,SATARA-PHALTAN-GP-vadgaon1109
vadjal1109,SATARA-PHALTAN-GP-vadjal1109
veloshi1109,SATARA-PHALTAN-GP-veloshi1109
vidani1109,SATARA-PHALTAN-GP-vidani1109
vinchurni1109,SATARA-PHALTAN-GP-vinchurni1109
vitthalwadi1109,SATARA-PHALTAN-GP-vitthalwadi1109
waghoshi1109,SATARA-PHALTAN-GP-waghoshi1109
wakhari1109,SATARA-PHALTAN-GP-wakhari1109
wathar.nimbalkar1109,SATARA-PHALTAN-GP-wathar.nimbalkar1109
zadakbaichiwadi1109,SATARA-PHALTAN-GP-zadakbaichiwadi1109
zirapwadi1109,SATARA-PHALTAN-GP-zirapwadi1109
mandave1110,SATARA-SATARA-GP-mandave1110
dhangerwadi.ko.1110,SATARA-SATARA-GP-dhangerwadi.ko.1110
angapur.tarf1110,SATARA-SATARA-GP-angapur.tarf1110
kshetra.mahuli1110,SATARA-SATARA-GP-kshetra.mahuli1110
angapur.vandan1110,SATARA-SATARA-GP-angapur.vandan1110
ninam1110,SATARA-SATARA-GP-ninam1110
padali1110,SATARA-SATARA-GP-padali1110
gajawadi1110,SATARA-SATARA-GP-gajawadi1110
mahagoan1110,SATARA-SATARA-GP-mahagoan1110
nagthane1110,SATARA-SATARA-GP-nagthane1110
bharatgoanwadi1110,SATARA-SATARA-GP-bharatgoanwadi1110
knher1110,SATARA-SATARA-GP-knher1110
gogegaon1110,SATARA-SATARA-GP-gogegaon1110
shelakewadi1110,SATARA-SATARA-GP-shelakewadi1110
dhareb1110,SATARA-SATARA-GP-dhareb1110
aasgaon1110,SATARA-SATARA-GP-aasgaon1110
koparde1110,SATARA-SATARA-GP-koparde1110
panmalewadi1110,SATARA-SATARA-GP-panmalewadi1110
mhasve1110,SATARA-SATARA-GP-mhasve1110
atit1110,SATARA-SATARA-GP-atit1110
shahupuri1110,SATARA-SATARA-GP-shahupuri1110
saidapur1110,SATARA-SATARA-GP-saidapur1110
jihe1110,SATARA-SATARA-GP-jihe1110
phadterwadi1110,SATARA-SATARA-GP-phadterwadi1110
marde1110,SATARA-SATARA-GP-marde1110
degoan1110,SATARA-SATARA-GP-degoan1110
patkhal1110,SATARA-SATARA-GP-patkhal1110
nigadit1110,SATARA-SATARA-GP-nigadit1110
limb1110,SATARA-SATARA-GP-limb1110
tasgaon1110,SATARA-SATARA-GP-tasgaon1110
karandwadi1110,SATARA-SATARA-GP-karandwadi1110
khed1110,SATARA-SATARA-GP-khed1110
malgoan1110,SATARA-SATARA-GP-malgoan1110
jakatwadi1110,SATARA-SATARA-GP-jakatwadi1110
songoan1110,SATARA-SATARA-GP-songoan1110
sonapur1110,SATARA-SATARA-GP-sonapur1110
khindwadi1110,SATARA-SATARA-GP-khindwadi1110
songoan.t.satara1110,SATARA-SATARA-GP-songoan.t.satara1110
dabewadi1110,SATARA-SATARA-GP-dabewadi1110
valse1110,SATARA-SATARA-GP-valse1110
kalmbe1110,SATARA-SATARA-GP-kalmbe1110
kodoli1110,SATARA-SATARA-GP-kodoli1110
khojewadi1110,SATARA-SATARA-GP-khojewadi1110
saspade1110,SATARA-SATARA-GP-saspade1110
marde1110,SATARA-SATARA-GP-marde1110
arphal1110,SATARA-SATARA-GP-arphal1110
asangaon1110,SATARA-SATARA-GP-asangaon1110
patkhal1110,SATARA-SATARA-GP-patkhal1110
sonwadi1110,SATARA-SATARA-GP-sonwadi1110
jakatwadi1110,SATARA-SATARA-GP-jakatwadi1110
karndi1110,SATARA-SATARA-GP-karndi1110
sagammahuli1110,SATARA-SATARA-GP-sagammahuli1110
bhasapaciwadi1110,SATARA-SATARA-GP-bhasapaciwadi1110
nisarale1110,SATARA-SATARA-GP-nisarale1110
borgaon1110,SATARA-SATARA-GP-borgaon1110
thosekhar1110,SATARA-SATARA-GP-thosekhar1110
kameri1110,SATARA-SATARA-GP-kameri1110
jetapur1110,SATARA-SATARA-GP-jetapur1110
parli1110,SATARA-SATARA-GP-parli1110
kari1110,SATARA-SATARA-GP-kari1110
kusawade1110,SATARA-SATARA-GP-kusawade1110
ganeshwadi1110,SATARA-SATARA-GP-ganeshwadi1110
shivthar1110,SATARA-SATARA-GP-shivthar1110
chichaner1110,SATARA-SATARA-GP-chichaner1110
sabalewadi1110,SATARA-SATARA-GP-sabalewadi1110
kamthi1110,SATARA-SATARA-GP-kamthi1110
kushi1110,SATARA-SATARA-GP-kushi1110
nagewadi1110,SATARA-SATARA-GP-nagewadi1110
bhatmarali1110,SATARA-SATARA-GP-bhatmarali1110
shendre1110,SATARA-SATARA-GP-shendre1110
apshinge1110,SATARA-SATARA-GP-apshinge1110
fatyapaur1110,SATARA-SATARA-GP-fatyapaur1110
varye1110,SATARA-SATARA-GP-varye1110
ambawade1110,SATARA-SATARA-GP-ambawade1110
kondhawe1110,SATARA-SATARA-GP-kondhawe1110
vadhe1110,SATARA-SATARA-GP-vadhe1110
borkhal1110,SATARA-SATARA-GP-borkhal1110
vangal1110,SATARA-SATARA-GP-vangal1110
kashil1110,SATARA-SATARA-GP-kashil1110
khodad1110,SATARA-SATARA-GP-khodad1110
nandgavan1110,SATARA-SATARA-GP-nandgavan1110
arale1110,SATARA-SATARA-GP-arale1110
nele1110,SATARA-SATARA-GP-nele1110
ambawade.khu1110,SATARA-SATARA-GP-ambawade.khu1110
varne1110,SATARA-SATARA-GP-varne1110
chichaner.vandan1110,SATARA-SATARA-GP-chichaner.vandan1110
vechale1110,SATARA-SATARA-GP-vechale1110
nune1110,SATARA-SATARA-GP-nune1110
englevadi1110,SATARA-SATARA-GP-englevadi1110
kidgaon1110,SATARA-SATARA-GP-kidgaon1110
dhavadshi1110,SATARA-SATARA-GP-dhavadshi1110
ashte.pu1110,SATARA-SATARA-GP-ashte.pu1110
jamblewadi1110,SATARA-SATARA-GP-jamblewadi1110
samrthgaon1110,SATARA-SATARA-GP-samrthgaon1110
ramkrushnagar1110,SATARA-SATARA-GP-ramkrushnagar1110
jambhgaon1110,SATARA-SATARA-GP-jambhgaon1110
pateshwarnagar1110,SATARA-SATARA-GP-pateshwarnagar1110
ambewadi1110,SATARA-SATARA-GP-ambewadi1110
majagaon1110,SATARA-SATARA-GP-majagaon1110
matyapur1110,SATARA-SATARA-GP-matyapur1110
ashte1110,SATARA-SATARA-GP-ashte1110
shivaji.nagar1110,SATARA-SATARA-GP-shivaji.nagar1110
kondani.narewadi1110,SATARA-SATARA-GP-kondani.narewadi1110
pilaniwadi1110,SATARA-SATARA-GP-pilaniwadi1110
bhiravgad1110,SATARA-SATARA-GP-bhiravgad1110
pilani1110,SATARA-SATARA-GP-pilani1110
parmale1110,SATARA-SATARA-GP-parmale1110
bendwadi1110,SATARA-SATARA-GP-bendwadi1110
dhanawadewadi1110,SATARA-SATARA-GP-dhanawadewadi1110
rakuslewadi1110,SATARA-SATARA-GP-rakuslewadi1110
maparwadi1110,SATARA-SATARA-GP-maparwadi1110
kumthe1110,SATARA-SATARA-GP-kumthe1110
sherewadi1110,SATARA-SATARA-GP-sherewadi1110
shahapur1110,SATARA-SATARA-GP-shahapur1110
upali1110,SATARA-SATARA-GP-upali1110
zarewadi1110,SATARA-SATARA-GP-zarewadi1110
pogarwadi1110,SATARA-SATARA-GP-pogarwadi1110
aaretarparali1110,SATARA-SATARA-GP-aaretarparali1110
daretarparali1110,SATARA-SATARA-GP-daretarparali1110
nigadivandan1110,SATARA-SATARA-GP-nigadivandan1110
chinchni1110,SATARA-SATARA-GP-chinchni1110
dhondewadi1110,SATARA-SATARA-GP-dhondewadi1110
titvewadi1110,SATARA-SATARA-GP-titvewadi1110
deshmukhnagar1110,SATARA-SATARA-GP-deshmukhnagar1110
limbajivadi1110,SATARA-SATARA-GP-limbajivadi1110
landewadi1110,SATARA-SATARA-GP-landewadi1110
javalwadi1110,SATARA-SATARA-GP-javalwadi1110
tukaewadi1110,SATARA-SATARA-GP-tukaewadi1110
sayali.pu1110,SATARA-SATARA-GP-sayali.pu1110
jadhav.wadi1110,SATARA-SATARA-GP-jadhav.wadi1110
vijaynagar1110,SATARA-SATARA-GP-vijaynagar1110
hamdabaj1110,SATARA-SATARA-GP-hamdabaj1110
sarkhal1110,SATARA-SATARA-GP-sarkhal1110
gavdi1110,SATARA-SATARA-GP-gavdi1110
chorgewadi1110,SATARA-SATARA-GP-chorgewadi1110
jotibachiwadi1110,SATARA-SATARA-GP-jotibachiwadi1110
vele1110,SATARA-SATARA-GP-vele1110
aagundewadi1110,SATARA-SATARA-GP-aagundewadi1110
devkal.parambe1110,SATARA-SATARA-GP-devkal.parambe1110
petri.anavale1110,SATARA-SATARA-GP-petri.anavale1110
yavteshwar1110,SATARA-SATARA-GP-yavteshwar1110
sambarwadi1110,SATARA-SATARA-GP-sambarwadi1110
aavadwadi1110,SATARA-SATARA-GP-aavadwadi1110
ramnagar1110,SATARA-SATARA-GP-ramnagar1110
pimpalwadi1110,SATARA-SATARA-GP-pimpalwadi1110
chinchni1110,SATARA-SATARA-GP-chinchni1110
gogawalevadi1110,SATARA-SATARA-GP-gogawalevadi1110
malewadi1110,SATARA-SATARA-GP-malewadi1110
renawale1110,SATARA-SATARA-GP-renawale1110
vasole1110,SATARA-SATARA-GP-vasole1110
kondhawali1110,SATARA-SATARA-GP-kondhawali1110
revde1110,SATARA-SATARA-GP-revde1110
rajapuri1110,SATARA-SATARA-GP-rajapuri1110
vavdre1110,SATARA-SATARA-GP-vavdre1110
borne1110,SATARA-SATARA-GP-borne1110
pangare1110,SATARA-SATARA-GP-pangare1110
palsavade1110,SATARA-SATARA-GP-palsavade1110
chalkewadi1110,SATARA-SATARA-GP-chalkewadi1110
chikhali1110,SATARA-SATARA-GP-chikhali1110
jambhe1110,SATARA-SATARA-GP-jambhe1110
morewadi1110,SATARA-SATARA-GP-morewadi1110
boposhi1110,SATARA-SATARA-GP-boposhi1110
aamble.raygar1110,SATARA-SATARA-GP-aamble.raygar1110
yadavwadi1110,SATARA-SATARA-GP-yadavwadi1110
kus.bu1110,SATARA-SATARA-GP-kus.bu1110
kus.khu1110,SATARA-SATARA-GP-kus.khu1110
khadgaon1110,SATARA-SATARA-GP-khadgaon1110
nigudmal1110,SATARA-SATARA-GP-nigudmal1110
kelwali1110,SATARA-SATARA-GP-kelwali1110
kaloshi1110,SATARA-SATARA-GP-kaloshi1110
karun1110,SATARA-SATARA-GP-karun1110
karnje.tar.parali1110,SATARA-SATARA-GP-karnje.tar.parali1110
lavanghar1110,SATARA-SATARA-GP-lavanghar1110
shindewadi1110,SATARA-SATARA-GP-shindewadi1110
maskarwadi1110,SATARA-SATARA-GP-maskarwadi1110
argadwadi1110,SATARA-SATARA-GP-argadwadi1110
sayli1110,SATARA-SATARA-GP-sayli1110
vadgaon1110,SATARA-SATARA-GP-vadgaon1110
aatalisawali1110,SATARA-SATARA-GP-aatalisawali1110
kurulbaji1110,SATARA-SATARA-GP-kurulbaji1110
venekhol1110,SATARA-SATARA-GP-venekhol1110
dhavali1110,SATARA-SATARA-GP-dhavali1110
pateghar1110,SATARA-SATARA-GP-pateghar1110
rohot1110,SATARA-SATARA-GP-rohot1110
khavali1110,SATARA-SATARA-GP-khavali1110
nagewadi1110,SATARA-SATARA-GP-nagewadi1110
nahalewadi1110,SATARA-SATARA-GP-nahalewadi1110
bhondwade1110,SATARA-SATARA-GP-bhondwade1110
aakle1110,SATARA-SATARA-GP-aakle1110
argadwadi1110,SATARA-SATARA-GP-argadwadi1110
bharatgaon1110,SATARA-SATARA-GP-bharatgaon1110
jadhavwadi1110,SATARA-SATARA-GP-jadhavwadi1110
aasangaon1110,SATARA-SATARA-GP-aasangaon1110
,
anawadi1111,SATARA-WAI-GP-anawadi1111
abhepuri1111,SATARA-WAI-GP-abhepuri1111
amrutwadi1111,SATARA-WAI-GP-amrutwadi1111
anapatwadi1111,SATARA-WAI-GP-anapatwadi1111
asale1111,SATARA-WAI-GP-asale1111
asare1111,SATARA-WAI-GP-asare1111
akoshi1111,SATARA-WAI-GP-akoshi1111
bopardi1111,SATARA-WAI-GP-bopardi1111
bopegaon1111,SATARA-WAI-GP-bopegaon1111
baleghar1111,SATARA-WAI-GP-baleghar1111
borgaon1111,SATARA-WAI-GP-borgaon1111
bavdhan1111,SATARA-WAI-GP-bavdhan1111
borive1111,SATARA-WAI-GP-borive1111
belmachi1111,SATARA-WAI-GP-belmachi1111
bhuinj1111,SATARA-WAI-GP-bhuinj1111
bhogaon1111,SATARA-WAI-GP-bhogaon1111
bhivadi.punner1111,SATARA-WAI-GP-bhivadi.punner1111
chandawadi.punner1111,SATARA-WAI-GP-chandawadi.punner1111
chandak1111,SATARA-WAI-GP-chandak1111
chikhali1111,SATARA-WAI-GP-chikhali1111
chindawali1111,SATARA-WAI-GP-chindawali1111
chorachiwadi1111,SATARA-WAI-GP-chorachiwadi1111
daswadi1111,SATARA-WAI-GP-daswadi1111
dahyat1111,SATARA-WAI-GP-dahyat1111
darewadi1111,SATARA-WAI-GP-darewadi1111
dhawadi1111,SATARA-WAI-GP-dhawadi1111
dhom1111,SATARA-WAI-GP-dhom1111
dhom.punner1111,SATARA-WAI-GP-dhom.punner1111
degaon1111,SATARA-WAI-GP-degaon1111
eksar1111,SATARA-WAI-GP-eksar1111
golegaon1111,SATARA-WAI-GP-golegaon1111
gulumb1111,SATARA-WAI-GP-gulumb1111
gadhavewadi1111,SATARA-WAI-GP-gadhavewadi1111
govedigar1111,SATARA-WAI-GP-govedigar1111
gundewadi1111,SATARA-WAI-GP-gundewadi1111
jamb1111,SATARA-WAI-GP-jamb1111
jambhali1111,SATARA-WAI-GP-jambhali1111
jor1111,SATARA-WAI-GP-jor1111
kanur1111,SATARA-WAI-GP-kanur1111
kavathe1111,SATARA-WAI-GP-kavathe1111
kadegaon1111,SATARA-WAI-GP-kadegaon1111
kalagwadi1111,SATARA-WAI-GP-kalagwadi1111
kondhawali1111,SATARA-WAI-GP-kondhawali1111
kondhawale1111,SATARA-WAI-GP-kondhawale1111
kironde1111,SATARA-WAI-GP-kironde1111
kusgaon1111,SATARA-WAI-GP-kusgaon1111
kikali1111,SATARA-WAI-GP-kikali1111
kalambe1111,SATARA-WAI-GP-kalambe1111
kenjal1111,SATARA-WAI-GP-kenjal1111
khanapur1111,SATARA-WAI-GP-khanapur1111
khadaki1111,SATARA-WAI-GP-khadaki1111
khawali1111,SATARA-WAI-GP-khawali1111
kholawadi1111,SATARA-WAI-GP-kholawadi1111
lagadwadi1111,SATARA-WAI-GP-lagadwadi1111
lohare1111,SATARA-WAI-GP-lohare1111
mugaon1111,SATARA-WAI-GP-mugaon1111
malatpur1111,SATARA-WAI-GP-malatpur1111
mohadekarwadi1111,SATARA-WAI-GP-mohadekarwadi1111
mandhrdev1111,SATARA-WAI-GP-mandhrdev1111
menawali1111,SATARA-WAI-GP-menawali1111
mungsewadi1111,SATARA-WAI-GP-mungsewadi1111
nandagane1111,SATARA-WAI-GP-nandagane1111
nagewadi1111,SATARA-WAI-GP-nagewadi1111
nikamwadi1111,SATARA-WAI-GP-nikamwadi1111
ozarde1111,SATARA-WAI-GP-ozarde1111
ohli1111,SATARA-WAI-GP-ohli1111
paratwadi1111,SATARA-WAI-GP-paratwadi1111
parkhandi1111,SATARA-WAI-GP-parkhandi1111
pachawad1111,SATARA-WAI-GP-pachawad1111
pasarani1111,SATARA-WAI-GP-pasarani1111
pande1111,SATARA-WAI-GP-pande1111
pandewadi1111,SATARA-WAI-GP-pandewadi1111
pandhrechiwadi1111,SATARA-WAI-GP-pandhrechiwadi1111
renawale1111,SATARA-WAI-GP-renawale1111
rautwadi1111,SATARA-WAI-GP-rautwadi1111
shirgaon1111,SATARA-WAI-GP-shirgaon1111
shahabag1111,SATARA-WAI-GP-shahabag1111
shendurjane1111,SATARA-WAI-GP-shendurjane1111
shelarwadi1111,SATARA-WAI-GP-shelarwadi1111
surur1111,SATARA-WAI-GP-surur1111
sultanpur1111,SATARA-WAI-GP-sultanpur1111
satalewadi1111,SATARA-WAI-GP-satalewadi1111
ulumb1111,SATARA-WAI-GP-ulumb1111
udtare1111,SATARA-WAI-GP-udtare1111
veruli1111,SATARA-WAI-GP-veruli1111
vadavali1111,SATARA-WAI-GP-vadavali1111
wyahali1111,SATARA-WAI-GP-wyahali1111
wahagaon1111,SATARA-WAI-GP-wahagaon1111
warkhadwadi1111,SATARA-WAI-GP-warkhadwadi1111
velang1111,SATARA-WAI-GP-velang1111
wyagwadi1111,SATARA-WAI-GP-wyagwadi1111
vaigaon1111,SATARA-WAI-GP-vaigaon1111
washiwali1111,SATARA-WAI-GP-washiwali1111
vele1111,SATARA-WAI-GP-vele1111
virmade1111,SATARA-WAI-GP-virmade1111
wasole1111,SATARA-WAI-GP-wasole1111
waghjaiwadi1111,SATARA-WAI-GP-waghjaiwadi1111
vittalwadi1111,SATARA-WAI-GP-vittalwadi1111
yashwantnagar1111,SATARA-WAI-GP-yashwantnagar1111
